2017,5,5,0
2018,5,5,0
2019,4,4,0
2020,114,114,0
2017,0,0,0
2020,48,48,2
2017,31,54,0
2020,12,12,2
2014,4,4,0
2020,15,16,2
2020,45,45,0
2017,4,9,0
2014,6,19,0
2016,5,9,0
2014,140,307,0
2014,6,6,0
2016,13,31,2
2014,10,18,0
2020,107,107,2
2014,6,18,0
2020,165,165,2
2020,6,6,0
2015,37,107,0
2016,35,60,0
2019,25,92,1
2015,46,280,0
2020,14,14,0
2017,6,10,0
2019,17,17,1
2019,1,1,1
2018,10,15,2
2019,21,38,2
2018,14,19,0
2017,66,97,2
2013,6,12,0
2019,4,4,0
2019,17,21,0
2019,6,9,0
2018,17,23,0
2020,3,3,0
2013,317,930,0
2018,1,1,1
2019,5,5,1
2018,22,38,0
2013,17,18,2
2019,89,110,0
2020,0,0,2
2013,3,5,0
2013,22,274,0
2019,16,19,0
2018,21,31,0
2012,5,12,0
2013,5,5,0
2018,27,49,0
2019,5,5,0
2019,21,21,1
2013,63,583,2
2019,18,30,0
2019,8,11,2
2020,6,6,2
2019,4,4,0
2012,23,55,2
2018,16,18,0
2019,27,36,0
2020,21,21,0
2019,3,3,0
2019,5,5,0
2012,4,12,2
2019,40,65,2
2020,85,86,2
2017,56,75,0
2020,8,8,0
2019,20,27,0
2012,7,10,0
2020,1,1,2
2019,3,3,2
2019,3,3,0
2013,4,6,1
2019,200,397,2
2018,10,17,0
2012,0,0,2
2018,7,7,2
2019,26,32,0
2019,9,9,0
2019,54,111,0
2013,3,3,0
2019,2,2,0
2018,92,134,0
2019,6,6,0
2013,7,14,2
2019,17,17,1
2019,3,3,0
2020,2,2,0
2019,43,62,0
2018,3,3,0
2018,0,0,2
2018,10,10,0
2013,7,18,0
2019,1,1,0
2019,24,61,0
2019,11,11,2
2018,2,2,0
2013,9,14,0
2018,25,39,0
2019,15,19,0
2019,5,13,0
2014,14,102,2
2020,14,28,1
2018,71,119,0
2016,86,476,0
2020,83,83,0
2015,17,37,0
2020,9,9,0
2020,33,33,2
2016,19,597,0
2018,5,5,0
2019,29,76,0
2020,21,21,0
2015,34,62,0
2016,5,5,0
2020,38,58,0
2015,6,6,0
2020,4,4,0
2015,4,5,2
2017,3,3,0
2020,8,8,0
2014,6,12,2
2014,14,37,0
2017,32,59,2
2020,13,97,2
2013,12,14,0
2015,60,341,0
2016,9,20,1
2020,6,6,0
2018,4,4,0
2014,30,45,0
2019,58,96,0
2016,21,163,0
2020,40,64,2
2013,3,7,0
2020,15,15,1
2015,19,63,0
2019,4,4,0
2014,16,56,0
2018,416,843,0
2013,3,5,2
2019,9,10,2
2018,30,52,2
2013,12,32,0
2018,69,77,2
2019,2,2,0
2018,54,57,0
2019,0,0,1
2019,3,3,0
2013,19,69,0
2012,3,3,0
2019,40,53,2
2019,7,9,0
2019,13,17,0
2019,4,4,0
2012,45,104,0
2013,8,11,0
2019,23,23,0
2019,3,3,2
2018,48,135,2
2019,26,28,2
2013,1,1,0
2012,11,120,0
2015,20,102,0
2018,28,34,0
2019,12,12,0
2016,3,3,0
2020,37,37,0
2020,10,11,0
2014,16,37,0
2019,26,34,2
2017,1,1,0
2020,83,84,0
2014,5,8,0
2014,5,24,0
2019,13,20,0
2016,29,86,2
2015,26,50,2
2016,31,56,0
2020,16,16,0
2020,0,0,0
2015,27,86,0
2016,40,100,0
2020,9,9,0
2016,11,17,0
2016,4,6,0
2020,43,43,0
2020,24,34,0
2015,5,11,2
2016,14,19,0
2020,50,50,2
2015,12,20,2
2012,28,53,0
2020,8,8,0
2020,6,6,0
2020,1,1,0
2012,13,25,2
2014,21,37,0
2020,1,1,2
2017,66,154,0
2019,41,120,2
2017,23,52,0
2020,6,6,2
2020,16,16,0
2020,40,40,2
2014,16,124,2
2020,49,162,2
2017,39,150,2
2020,2,2,2
2020,60,95,2
2015,24,44,0
2020,21,21,0
2015,6,16,2
2016,38,364,0
2020,4,4,0
2015,29,274,2
2015,8,13,0
2020,110,193,2
2015,33,57,2
2015,34,63,0
2016,8,166,2
2020,1,1,2
2015,7,14,0
2016,11,18,0
2017,9,14,0
2014,4,4,0
2017,14,29,0
2014,3,3,0
2019,25,30,1
2018,88,125,0
2019,7,9,0
2013,29,77,2
2018,197,361,0
2013,17,74,0
2013,53,435,0
2016,27,48,0
2019,7,9,0
2018,14,18,0
2020,32,32,2
2018,31,59,0
2012,18,88,0
2019,8,8,1
2020,12,12,1
2019,8,11,2
2019,8,8,1
2019,17,25,2
2012,18,124,2
2019,5,7,0
2019,7,8,0
2019,25,37,0
2019,1,1,0
2019,11,18,0
2019,0,0,0
2019,4,4,2
2013,18,40,0
2020,143,143,0
2018,18,22,0
2013,5,6,1
2020,4,4,0
2019,73,104,1
2018,52,101,1
2020,1,1,0
2019,19,34,0
2020,5,5,0
2017,6,6,0
2014,15,30,2
2012,1,1,0
2019,10,15,0
2018,18,53,0
2013,11,17,0
2018,62,86,2
2019,15,15,0
2018,4,4,0
2013,21,66,0
2018,17,39,0
2018,2,2,0
2019,14,14,2
2019,37,49,1
2018,10,22,0
2013,30,108,0
2019,16,20,2
2018,13,13,2
2019,49,90,2
2019,35,42,1
2018,11,19,2
2020,42,75,2
2019,2,2,0
2020,10,10,1
2019,8,8,0
2018,4,4,0
2012,6,14,2
2019,36,41,0
2020,2,2,0
2020,33,48,2
2015,8,17,2
2016,5,5,0
2020,7,7,0
2013,9,16,0
2020,7,7,0
2016,4,22,0
2019,390,543,0
2017,11,15,0
2017,5,7,2
2014,8,19,0
2015,0,0,1
2020,0,0,0
2017,33,64,0
2014,6,6,0
2014,17,1125,2
2020,62,62,1
2020,8,8,2
2017,5,6,0
2017,13,33,0
2020,41,41,0
2016,8,11,0
2016,7,26,2
2020,15,26,2
2015,3,4,2
2020,9,9,0
2020,58,119,2
2016,2,2,0
2015,9,56,0
2016,10,22,0
2020,20,20,0
2015,7,14,0
2018,1,1,0
2016,27,39,0
2018,23,35,0
2020,29,29,1
2019,668,904,0
2020,5,5,0
2014,4,4,0
2020,12,50,0
2017,35,878,2
2020,43,43,2
2020,6,6,0
2017,7,22,0
2014,7,14,0
2014,21,72,0
2014,17,855,0
2014,4,8,0
2017,50,112,2
2014,3,4,0
2014,12,12,0
2020,1,1,0
2015,9,19,0
2015,28,56,2
2018,19,27,0
2020,19,19,2
2016,10,17,0
2016,18,57,0
2020,19,19,2
2018,28,49,0
2015,41,121,2
2019,52,52,0
2019,19,22,1
2019,9,10,0
2018,9,15,0
2018,12,27,0
2019,4,4,0
2019,5,5,0
2012,4,5,1
2019,9,9,0
2019,13,35,2
2018,10,13,0
2018,7,11,2
2018,38,47,0
2019,13,13,0
2019,0,0,0
2019,3,12,0
2018,5,6,0
2019,86,108,0
2013,10,21,0
2020,3,3,0
2013,11,23,0
2018,24,68,0
2018,52,95,1
2013,12,15,0
2018,41,68,0
2013,1,1,1
2013,30,79,0
2019,19,42,2
2018,3,4,0
2019,3,3,2
2019,7,7,0
2012,5,6,0
2019,72,99,0
2020,39,39,2
2017,44,74,0
2020,52,52,2
2018,5,8,1
2017,13,21,0
2020,26,26,0
2019,32,44,2
2012,20,49,0
2019,3,3,0
2019,32,35,0
2020,8,8,0
2017,5,13,0
2020,18,18,0
2014,6,6,2
2020,156,156,0
2017,81,223,0
2020,6,6,0
2020,9,9,0
2020,13,13,0
2014,51,115,2
2020,79,79,2
2015,41,174,2
2017,8,14,0
2020,11,15,0
2019,114,199,0
2020,25,90,2
2015,32,122,2
2017,2,2,0
2020,4,4,0
2020,17,17,0
2015,45,166,0
2020,3,3,2
2016,11,21,0
2015,13,44,0
2016,9,26,0
2020,1333,2443,1
2015,8,32,0
2019,119,326,0
2020,41,41,2
2017,6,25,0
2016,6,6,0
2020,8,13,0
2019,4,17,0
2012,9,46,0
2018,94,134,0
2020,5,5,0
2019,2,2,0
2019,12,12,0
2018,46,82,0
2018,15,22,1
2020,5,5,0
2018,47,74,2
2013,4,4,0
2018,5,7,0
2020,115,115,2
2019,10,15,2
2013,4,4,2
2012,5,6,0
2019,13,16,0
2019,8,12,0
2020,14,14,0
2018,94,155,0
2012,4,4,0
2019,6,6,0
2019,33,55,0
2018,16,23,0
2019,7,7,0
2020,14,14,2
2019,4,4,0
2012,9,13,0
2018,8,9,0
2019,1,1,0
2019,0,0,0
2020,43,85,0
2016,18,74,0
2018,23,39,0
2019,16,20,0
2018,29,41,0
2016,21,41,2
2020,10,10,1
2020,10,10,2
2019,3,3,0
2012,9,32,0
2019,334,519,1
2020,6,9,2
2013,23,101,2
2012,1,1,2
2015,10,13,0
2018,54,57,0
2013,12,26,0
2019,29,72,2
2012,9,24,0
2020,19,19,0
2019,27,27,0
2019,2,2,1
2012,55,356,0
2019,11,14,0
2013,14,29,0
2019,3,3,0
2020,7,13,2
2019,21,24,1
2019,8,10,0
2019,63,97,1
2018,10,13,2
2013,6,17,0
2018,41,59,2
2019,25,25,0
2019,15,21,2
2016,29,56,0
2020,11,12,0
2020,7,7,2
2019,6,6,0
2013,3,7,1
2018,4,4,0
2019,5,5,0
2016,7,8,0
2018,14,34,0
2020,38,38,0
2017,4,5,0
2016,6,8,0
2014,9,10,0
2020,9,9,0
2020,96,145,0
2017,31,58,0
2019,31,40,0
2016,5,19,0
2015,5,373,2
2016,39,89,0
2020,23,23,0
2016,23,85,0
2020,18,18,0
2017,11,16,0
2019,27,39,0
2020,41,41,0
2015,10,15,2
2019,5,5,0
2019,9,9,0
2020,7,7,0
2017,60,180,0
2014,6,6,0
2020,12,12,1
2017,44,68,0
2019,2,2,0
2020,5,5,0
2014,10,19,0
2015,11,31,1
2014,20,39,1
2017,16,16,0
2020,2,2,0
2014,8,11,0
2017,3,3,0
2017,29,78,0
2019,14,14,0
2016,5,19,0
2015,22,45,0
2020,65,153,0
2016,65,125,1
2019,20,28,0
2020,2,2,0
2013,27,116,0
2015,0,0,0
2016,26,75,0
2020,28,28,2
2020,20,21,2
2016,3,3,0
2020,78,159,0
2016,15,53,0
2017,14,59,0
2020,25,43,0
2017,62,152,0
2020,5,5,0
2017,17,36,0
2014,22,272,0
2017,26,38,2
2018,8,16,0
2018,2,2,0
2019,0,0,0
2013,9,15,0
2018,119,254,2
2013,2,2,0
2019,12,12,0
2014,19,91,0
2018,19,21,0
2017,28,52,0
2018,7,13,0
2012,10,37,0
2019,305,444,0
2020,2,2,0
2019,4,4,0
2019,19,28,2
2018,1,1,0
2019,7,10,0
2019,12,15,0
2019,0,0,2
2020,24,38,0
2012,6,26,1
2019,30,36,0
2013,9,29,1
2019,14,19,2
2018,73,236,0
2013,36,123,0
2019,1,1,0
2019,34,43,0
2018,14,17,0
2020,8,8,0
2013,26,138,0
2019,5,5,1
2018,9,25,0
2019,9,18,0
2013,5,5,1
2018,172,368,0
2019,31,31,0
2019,4,4,1
2018,2,2,0
2019,4,4,0
2019,182,244,0
2018,3,3,0
2020,10,10,0
2019,4,4,0
2018,2,2,0
2012,8,13,0
2019,19,19,0
2019,32,83,0
2019,27,31,0
2019,6,6,2
2017,10,15,0
2019,1,1,0
2012,19,107,0
2019,15,15,0
2012,18,44,0
2019,3,3,0
2018,33,56,2
2017,44,92,0
2020,2,2,0
2013,7,11,0
2019,2,2,0
2018,26,33,0
2019,24,27,2
2013,12,58,0
2013,0,0,0
2018,7,13,0
2013,6,8,2
2018,13,18,0
2013,5,6,0
2020,42,42,2
2017,26,39,2
2014,10,74,0
2020,11,11,0
2017,22,37,0
2020,13,13,2
2020,23,23,0
2014,14,69,0
2018,0,0,0
2015,22,39,0
2020,14,14,0
2016,10,14,0
2015,9,14,0
2020,33,58,0
2018,6,6,0
2018,11,15,0
2016,15,29,2
2018,5,7,0
2020,12,16,0
2015,16,55,0
2015,6,7,0
2016,9,31,2
2020,47,47,2
2015,6,14,0
2014,9,24,1
2020,0,0,0
2014,20,29,0
2014,2,2,2
2014,5,10,0
2017,3,3,0
2014,2,2,2
2018,3,3,0
2019,17,23,0
2019,16,16,0
2013,8,12,0
2019,7,12,0
2019,6,6,0
2020,1,1,1
2019,22,24,0
2019,3,3,0
2012,3,11,0
2019,11,11,0
2020,41,41,0
2018,0,0,0
2013,5,13,2
2018,7,7,0
2019,13,13,0
2020,19,19,1
2018,0,0,0
2019,8,10,0
2018,143,243,2
2012,8,39,0
2020,0,0,2
2018,18,35,0
2019,0,0,0
2016,48,224,0
2018,6,8,0
2020,64,64,0
2020,2,2,0
2019,50,82,0
2018,28,36,0
2016,2,2,0
2019,4,4,0
2019,11,11,2
2012,28,103,2
2019,189,251,0
2018,11,18,0
2019,3,3,0
2020,3,3,2
2012,7,35,0
2015,10,15,0
2020,16,16,0
2015,5,8,0
2019,17,28,0
2020,9,9,0
2020,13,13,1
2015,3,4,0
2017,4,4,2
2020,5,5,0
2014,5,9,0
2017,86,312,2
2020,24,24,0
2020,4,4,0
2020,10,10,2
2017,67,163,0
2020,16,21,0
2016,5,43,0
2019,14,17,0
2017,96,236,2
2020,42,42,2
2019,29,54,0
2016,5,9,0
2015,13,70,2
2020,11,11,0
2016,12,33,0
2016,3,18,2
2020,13,13,1
2020,17,17,1
2015,6,7,0
2016,27,44,1
2020,13,13,0
2016,9,35,0
2020,34,53,0
2016,6,9,0
2015,9,10,0
2014,5,6,0
2017,9,25,0
2019,9,14,2
2020,9,9,0
2016,14,29,0
2014,6,6,0
2020,9,9,0
2019,23,29,2
2020,22,22,0
2014,31,3200,0
2020,173,173,0
2019,23,28,0
2019,8,8,0
2015,6,11,0
2020,537,540,0
2019,2,2,0
2020,12,23,0
2020,77,77,2
2012,8,23,0
2019,10,13,0
2019,27,45,0
2012,22,91,0
2019,294,357,2
2019,22,38,2
2013,1,1,0
2018,6,8,0
2020,7,7,0
2012,7,18,0
2013,17,36,0
2020,74,74,0
2019,87,133,0
2012,14,62,0
2020,11,11,0
2018,128,194,2
2016,4,6,0
2019,5,5,0
2013,10,21,2
2019,27,58,0
2018,15,16,0
2016,16,24,2
2018,18,21,2
2019,3,6,2
2020,4,4,1
2020,1,1,0
2018,4,4,2
2018,8,8,0
2013,10,14,0
2019,2,2,0
2013,34,211,2
2019,14,54,0
2019,32,61,2
2019,20,30,2
2013,6,23,2
2018,51,66,2
2019,14,14,0
2020,7,7,2
2013,10,33,2
2018,47,92,0
2020,4,4,0
2018,6,7,0
2019,4,6,0
2020,4,4,0
2013,15,28,0
2019,4,4,2
2017,27,56,0
2018,6,6,0
2019,18,18,0
2018,11,17,0
2018,8,10,0
2019,14,14,0
2019,6,6,0
2017,16,27,0
2019,93,142,2
2019,0,0,0
2012,12,42,0
2020,16,16,0
2019,5,12,0
2018,14,31,1
2019,5,6,2
2019,7,22,0
2012,13,25,1
2019,14,15,0
2019,3,3,1
2018,26,31,0
2013,7,10,0
2019,5,5,0
2019,17,17,0
2013,2,2,0
2012,6,24,0
2019,25,32,2
2013,11,36,2
2018,16,21,2
2013,5,6,0
2020,25,25,0
2014,5,19,0
2020,14,14,2
2017,25,47,0
2014,29,41,0
2014,0,0,0
2020,10,10,0
2020,3,3,0
2017,14,19,0
2018,31,50,0
2020,14,14,2
2017,27,62,0
2018,13,15,2
2019,37,46,0
2017,6,11,0
2020,39,62,0
2020,11,11,0
2015,25,45,2
2015,43,196,0
2019,37,44,0
2020,23,23,2
2016,7,7,0
2015,172,904,0
2020,29,29,2
2014,5,7,2
2020,43,43,0
2016,4,9,1
2014,8,13,0
2014,5,28,0
2016,9,22,0
2014,4,10,0
2020,50,50,0
2019,70,131,0
2015,28,143,0
2018,19,50,0
2016,18,24,0
2020,9,9,0
2020,7,7,0
2015,16,41,0
2019,7,7,0
2020,33,33,0
2018,18,41,2
2019,13,16,0
2016,14,52,0
2015,3,3,2
2020,8,8,0
2019,34,34,0
2015,25,60,0
2013,11,36,0
2020,5,5,0
2020,4,4,0
2016,8,21,0
2014,24,57,2
2017,23,37,0
2017,34,70,2
2017,12,16,2
2014,26,275,0
2020,14,20,0
2019,21,23,0
2019,22,37,0
2019,59,59,1
2013,22,51,0
2020,69,69,2
2017,4,6,0
2018,6,6,0
2019,3,3,2
2020,9,9,0
2012,26,72,1
2019,11,15,2
2020,43,43,2
2017,20,30,2
2019,60,75,2
2012,10,49,2
2019,7,7,0
2019,5,5,1
2018,23,31,0
2020,8,8,0
2014,19,56,0
2019,9,10,0
2019,6,6,0
2018,10,25,0
2013,4,5,0
2014,10,15,0
2019,23,23,0
2019,5,5,0
2013,6,17,0
2018,13,17,0
2019,0,0,0
2020,3,3,0
2019,4,4,0
2018,3,4,0
2018,18,24,0
2019,152,319,0
2019,13,15,0
2018,80,218,0
2019,30,37,0
2013,10,49,0
2020,2,2,0
2016,4,4,0
2020,295,470,2
2016,6,22,0
2020,10,10,2
2020,27,102,2
2016,0,0,2
2020,6,6,0
2016,13,44,0
2019,12,12,0
2017,5,7,0
2020,35,35,0
2019,12,15,2
2020,6,15,2
2017,28,72,0
2017,6,14,0
2020,61,61,0
2014,29,247,2
2012,5,8,0
2020,39,40,2
2020,0,0,0
2020,7,7,0
2014,7,9,0
2012,14,50,0
2015,5,10,0
2020,17,17,1
2016,2,2,2
2020,13,13,0
2016,39,170,0
2019,11,11,0
2019,15,20,2
2019,4,4,0
2019,41,64,0
2019,2,2,2
2018,106,583,0
2019,4,4,0
2013,17,30,0
2018,20,22,0
2019,47,56,0
2013,4,16,0
2018,49,65,2
2016,14,30,2
2015,21,49,2
2013,14,33,1
2018,7,15,0
2019,1,1,2
2018,53,61,2
2015,7,18,0
2013,6,18,0
2018,27,44,2
2019,6,7,0
2019,29,41,0
2019,6,6,0
2019,2,2,0
2012,5,5,0
2019,9,9,0
2013,4,9,0
2019,3,3,0
2019,15,15,2
2019,30,39,0
2013,3,6,2
2012,10,39,2
2019,3,3,0
2020,21,21,0
2019,2,2,0
2012,14,107,0
2019,28,61,2
2020,38,46,0
2018,19,29,0
2012,8,40,0
2019,21,21,0
2013,11,252,1
2018,111,314,0
2013,10,23,2
2019,83,268,0
2018,32,60,0
2019,6,6,0
2016,3,3,0
2018,59,366,0
2013,54,212,0
2019,0,0,0
2016,3,5,0
2019,13,13,2
2013,8,14,0
2018,7,11,2
2019,5,5,0
2020,23,23,2
2018,19,20,2
2013,73,238,0
2018,15,16,0
2019,1,1,2
2019,0,0,0
2020,27,27,0
2013,7,7,0
2019,3,3,0
2019,7,7,2
2019,30,38,2
2015,0,0,0
2020,11,11,0
2016,57,165,0
2016,21,60,0
2015,13,23,0
2020,47,47,2
2015,33,61,0
2020,12,12,0
2020,27,27,0
2016,12,26,0
2020,22,22,2
2014,26,71,0
2019,10,10,1
2020,2,2,0
2017,18,23,0
2020,9,9,0
2017,6,6,0
2020,22,22,0
2019,48,64,0
2014,16,31,0
2020,30,45,2
2014,11,30,2
2017,14,17,2
2014,8,11,2
2017,3,3,0
2020,49,49,0
2016,6,6,0
2020,2,2,0
2015,6,9,0
2016,15,28,2
2020,11,11,0
2015,37,61,0
2019,4,4,0
2019,7,7,0
2018,17,31,0
2018,15,31,0
2019,68,75,2
2018,10,12,2
2013,1,1,0
2018,51,87,2
2013,15,58,2
2019,0,0,0
2019,204,326,0
2018,12,18,0
2020,13,13,0
2020,15,15,1
2017,11,22,0
2019,3,3,0
2019,6,7,0
2020,32,60,0
2017,73,317,2
2019,2,2,0
2018,6,10,0
2019,9,12,0
2019,5,10,0
2012,0,0,0
2018,10,10,2
2018,1,1,0
2019,9,9,0
2012,1,1,2
2019,70,89,0
2019,19,33,0
2013,8,43,0
2019,46,79,2
2019,37,46,0
2018,1,1,0
2019,18,33,2
2013,14,92,0
2020,5,5,0
2019,1,1,0
2018,42,141,2
2014,19,67,0
2014,2,2,0
2017,24,36,0
2014,5,6,0
2014,14,34,0
2020,2,2,0
2017,50,72,2
2018,163,276,2
2020,39,39,1
2016,6,23,1
2020,1,1,0
2020,21,49,0
2019,6,12,0
2015,68,725,0
2016,13,48,2
2018,57,85,1
2015,10,22,2
2019,194,261,1
2020,2,2,0
2018,5,5,0
2020,22,22,2
2015,1,1,0
2016,7,48,0
2019,24,45,0
2015,5,7,0
2016,3,3,0
2017,30,78,0
2017,59,227,0
2020,0,0,0
2017,30,53,0
2014,16,33,0
2017,27,75,0
2020,23,23,0
2020,11,11,2
2014,6,27,0
2020,77,77,0
2020,2,2,0
2020,10,10,0
2017,173,471,0
2020,28,28,0
2014,6,9,0
2016,13,20,2
2020,22,22,2
2015,5,6,0
2013,30,195,0
2020,21,44,2
2016,62,833,2
2015,11,39,2
2013,6,9,2
2015,21,45,0
2019,12,12,2
2020,12,12,0
2015,27,84,0
2013,9,26,0
2020,2,2,0
2020,16,16,2
2016,15,39,0
2019,19,20,0
2015,27,70,0
2015,13,20,2
2014,6,7,0
2017,9,13,0
2017,0,0,1
2014,8,30,0
2020,6,6,0
2017,66,125,0
2013,6,24,0
2019,7,7,0
2018,34,47,0
2019,321,823,0
2013,26,80,1
2020,2,2,2
2018,70,108,2
2019,51,65,0
2014,8,27,0
2019,11,15,0
2020,0,0,0
2019,33,40,0
2020,29,29,2
2012,13,38,0
2018,36,42,2
2018,5,5,0
2013,4,4,0
2019,1,1,2
2019,3,3,2
2014,6,18,0
2019,6,8,2
2020,216,217,1
2012,6,11,0
2018,41,69,0
2019,14,14,2
2013,0,0,0
2014,9,30,0
2020,18,18,0
2019,17,116,0
2012,10,27,0
2019,38,138,2
2018,125,218,1
2020,9,9,0
2014,10,21,0
2012,14,90,2
2019,20,27,0
2012,17,35,0
2018,40,90,0
2013,6,17,0
2019,0,0,0
2018,3,3,0
2018,10,20,1
2018,12,13,2
2019,3,3,0
2019,27,38,0
2020,91,91,0
2015,56,108,2
2017,0,0,0
2020,186,184,0
2020,47,47,0
2019,13,15,0
2015,4,4,1
2020,10,10,1
2015,51,73,0
2014,6,8,0
2020,20,20,0
2017,21,52,0
2020,7,7,2
2020,5,5,0
2020,10,15,0
2014,7,46,0
2020,3,3,1
2014,18,29,0
2014,18,46,0
2016,7,7,0
2020,12,12,0
2014,13,20,0
2015,68,175,2
2020,16,16,0
2015,8,16,0
2020,9,9,0
2020,23,24,2
2016,14,62,0
2019,19,19,0
2019,1,1,0
2020,5,5,0
2013,5,6,0
2012,6,15,0
2019,47,60,1
2019,3,3,2
2019,16,16,2
2012,17,109,0
2013,22,39,0
2013,8,68,0
2018,45,83,0
2016,7,7,0
2019,4,4,0
2013,4,8,0
2018,2,2,0
2016,4,4,0
2019,3,3,0
2019,25,37,0
2018,56,86,0
2013,21,70,0
2018,23,36,0
2018,8,9,2
2013,17,57,0
2015,4,4,0
2019,20,28,0
2013,8,11,0
2020,10,10,2
2012,1,1,0
2015,19,35,0
2018,5,7,0
2013,4,4,0
2019,91,125,0
2019,39,76,0
2020,6,6,0
2019,43,47,0
2019,5,5,0
2012,8,24,2
2020,17,17,0
2019,76,102,0
2019,12,13,0
2012,8,11,1
2019,5,5,0
2019,33,48,1
2019,36,42,2
2019,2,2,0
2019,0,0,2
2016,13,16,0
2018,57,188,0
2019,9,13,0
2020,6,6,2
2018,9,11,0
2016,20,63,0
2018,263,456,0
2019,22,29,0
2020,16,16,0
2018,5,5,0
2019,2,2,0
2013,11,40,2
2012,4,4,0
2020,52,53,1
2018,168,472,0
2019,9,9,0
2013,9,36,0
2016,40,65,0
2020,6,6,2
2018,2,2,2
2019,5,5,1
2019,26,26,0
2020,10,10,2
2019,1,1,0
2019,45,100,0
2015,24,35,0
2016,1,1,0
2020,43,62,0
2016,11,45,0
2016,202,397,2
2015,8,12,2
2016,9,18,0
2020,24,24,0
2017,44,67,2
2016,5,7,0
2017,6,9,0
2019,5,5,0
2015,5,16,2
2020,36,36,0
2019,38,47,2
2017,3,4,0
2020,2,2,0
2020,7,7,2
2017,57,174,0
2014,11,16,0
2020,3,3,2
2017,81,134,2
2020,6,6,1
2017,5,6,2
2015,3,9,0
2020,1,1,0
2020,37,37,2
2015,31,141,0
2014,48,190,0
2020,15,15,0
2020,46,47,1
2017,124,412,1
2014,10,23,0
2017,207,428,0
2019,19,26,0
2016,22,56,0
2014,6,12,0
2020,10,10,2
2018,5,5,0
2020,5,5,0
2013,17,24,0
2017,10,15,2
2015,36,102,0
2014,3,3,0
2016,52,220,0
2019,5,5,1
2013,35,133,0
2020,14,14,0
2015,16,48,0
2015,64,511,1
2018,122,273,2
2016,13,26,0
2020,16,20,0
2015,56,173,0
2020,9,9,0
2018,18,30,2
2014,4,4,1
2015,4,5,0
2020,4,4,2
2020,3,3,0
2016,9,12,0
2015,4,9,0
2014,3,7,0
2020,7,7,0
2018,18,21,0
2019,37,37,0
2013,25,108,0
2018,8,8,0
2019,8,8,0
2018,2,2,2
2019,12,12,0
2020,36,36,0
2013,3,11,0
2019,26,31,2
2019,2,2,0
2013,4,10,0
2019,12,17,0
2019,9,26,0
2020,44,59,2
2014,10,20,2
2019,5,5,0
2013,4,10,0
2018,293,990,0
2019,12,12,0
2020,40,40,0
2018,8,8,0
2019,6,6,0
2019,6,9,0
2017,41,121,0
2020,6,6,0
2018,3,3,0
2019,19,24,0
2020,0,0,0
2019,0,0,0
2013,4,61,2
2019,50,67,0
2018,14,34,2
2019,8,8,0
2019,8,10,0
2018,37,53,2
2019,9,23,2
2013,8,10,1
2019,0,0,0
2018,6,6,2
2013,2,2,1
2019,0,0,0
2019,23,28,1
2013,6,20,0
2019,7,8,2
2018,16,35,0
2019,7,7,0
2019,7,7,0
2013,18,20,1
2019,3,3,0
2012,3,17,0
2018,27,41,0
2020,29,28,2
2019,18,24,0
2019,3,3,0
2019,17,48,2
2012,8,41,2
2017,55,265,0
2019,1,1,0
2019,39,74,2
2018,69,190,1
2019,9,10,1
2012,8,28,0
2019,59,147,2
2018,15,31,0
2019,2,2,0
2018,4,4,0
2019,1,1,2
2019,3,4,0
2018,6,6,0
2019,76,90,0
2017,11,20,2
2019,3,3,0
2013,0,0,2
2019,1,1,0
2019,13,15,0
2018,121,205,0
2020,11,11,2
2019,29,29,2
2013,13,35,2
2020,22,22,2
2019,6,6,2
2018,65,110,0
2013,32,85,0
2019,44,81,2
2020,1,1,0
2014,9,11,0
2016,11,15,0
2015,51,101,2
2020,7,7,0
2020,4,4,0
2020,33,48,0
2020,57,57,0
2020,3,3,2
2015,8,8,2
2020,2,2,0
2016,8,21,0
2020,28,28,0
2019,18,28,2
2018,70,129,0
2020,7,7,0
2016,21,39,0
2017,1,1,0
2018,8,8,2
2018,6,6,0
2016,8,33,0
2017,0,0,0
2020,89,88,2
2017,7,7,0
2020,18,18,0
2014,18,64,0
2017,15,38,0
2020,25,25,0
2014,7,16,0
2017,64,209,0
2017,81,145,0
2020,80,80,2
2019,19,19,0
2019,16,21,0
2019,5,5,0
2020,82,81,0
2013,118,503,0
2019,4,4,0
2018,42,81,2
2013,21,105,0
2018,23,25,1
2013,12,15,0
2018,2,2,2
2018,53,76,0
2019,26,32,0
2016,12,25,0
2018,1,1,0
2013,44,67,0
2019,8,9,0
2016,12,21,0
2018,4,4,0
2019,14,20,2
2019,16,20,0
2019,65,95,2
2018,60,90,0
2019,6,7,0
2012,13,72,0
2018,15,19,0
2019,35,41,0
2018,1,1,0
2019,53,54,0
2012,5,5,0
2019,3,3,2
2016,32,171,0
2016,16,37,0
2015,9,12,0
2016,19,52,0
2020,5,5,2
2015,27,177,0
2020,2,2,2
2016,21,65,0
2014,13,48,0
2020,47,47,0
2019,28,37,0
2017,87,175,0
2014,21,32,0
2017,40,50,0
2019,23,33,2
2020,5,5,0
2020,62,62,0
2019,9,11,0
2020,42,42,2
2017,10,13,0
2020,3,3,0
2020,2,2,0
2017,65,282,0
2019,75,107,0
2020,12,14,2
2020,148,148,0
2015,0,0,0
2016,20,70,0
2020,5,5,0
2016,97,215,0
2020,18,25,0
2016,52,1265,0
2020,12,12,2
2020,56,56,0
2020,35,35,0
2015,24,61,0
2016,10,23,0
2020,6,6,0
2017,81,128,0
2020,9,9,0
2020,47,47,0
2014,20,61,2
2014,5,15,0
2014,28,44,0
2017,63,158,2
2020,103,103,2
2014,29,123,0
2019,6,6,0
2017,17,29,0
2014,8,15,0
2019,4,4,0
2017,2,2,0
2020,15,15,0
2015,51,161,0
2020,130,130,2
2016,35,178,0
2020,21,21,2
2015,6,23,0
2019,49,64,0
2019,2,2,2
2012,6,32,0
2019,13,13,2
2020,1,1,0
2019,80,97,0
2019,4,4,0
2012,3,3,1
2018,14,53,0
2013,14,32,0
2012,3,5,0
2015,35,147,2
2020,145,144,1
2019,94,113,0
2018,105,144,0
2018,13,15,0
2019,7,7,2
2013,2,2,0
2020,8,8,1
2013,6,11,0
2015,28,51,0
2013,6,6,0
2018,3,3,0
2019,17,23,0
2018,37,49,0
2020,1,1,0
2018,5,7,2
2018,51,76,2
2015,5,5,2
2019,44,58,2
2013,3,3,1
2015,3,3,0
2019,29,71,2
2020,19,19,0
2019,9,12,0
2018,16,32,0
2012,19,25,1
2013,1,1,0
2018,58,263,0
2020,58,111,0
2019,2,2,0
2020,41,41,0
2019,27,36,1
2019,16,44,0
2014,10,25,0
2020,121,744,0
2019,7,7,2
2019,11,15,0
2019,3,3,2
2019,0,0,0
2013,4,19,0
2019,4,4,0
2014,20,69,0
2019,6,6,0
2019,4,4,0
2013,39,219,0
2018,6,6,0
2018,12,15,2
2019,99,160,0
2020,7,7,0
2019,3,3,1
2013,32,321,0
2019,11,13,2
2019,2,2,0
2019,8,8,0
2012,2,2,0
2018,118,170,0
2019,4,4,1
2013,17,25,2
2019,83,271,0
2013,9,25,2
2019,8,11,0
2019,17,18,0
2013,4,8,0
2018,14,23,0
2019,0,0,0
2019,9,9,0
2020,9,9,0
2019,1,1,0
2012,5,15,0
2019,19,19,0
2018,10,13,0
2020,74,75,2
2012,23,79,2
2019,5,5,0
2017,6,8,2
2020,13,13,0
2019,78,94,2
2019,4,5,0
2015,22,73,0
2020,15,15,0
2013,17,34,0
2016,30,136,2
2019,5,5,2
2020,3,3,0
2018,8,14,0
2017,7,68,0
2015,42,93,2
2013,9,64,0
2019,34,40,0
2014,2,2,0
2016,28,69,0
2020,18,18,1
2017,18,27,0
2014,40,166,0
2020,91,179,2
2017,88,241,2
2014,18,54,0
2020,23,23,2
2020,81,164,2
2015,1,1,0
2014,0,0,0
2020,23,23,0
2020,3,3,0
2014,16,72,1
2015,5,9,0
2015,21,38,0
2020,23,23,0
2015,19,59,0
2020,28,28,0
2016,34,56,0
2018,27,77,2
2015,5,7,2
2015,21,52,0
2019,10,35,0
2016,6,10,0
2020,19,20,0
2020,1,1,1
2020,15,15,0
2015,36,117,0
2020,43,43,2
2020,1,1,0
2015,161,705,0
2020,18,18,0
2020,28,28,0
2014,7,10,0
2016,3,8,0
2020,41,41,2
2014,29,57,0
2016,8,8,2
2020,3,3,0
2017,74,254,2
2020,20,20,0
2014,10,20,0
2017,11,23,2
2017,23,28,0
2020,34,49,1
2014,5,8,0
2017,46,81,0
2014,9,28,0
2020,142,142,0
2017,4,4,0
2016,41,73,0
2020,54,54,0
2018,12,15,0
2018,3,3,0
2020,8,8,2
2017,4,8,0
2016,4,6,0
2019,1,1,0
2018,12,28,0
2017,49,129,2
2018,4,4,2
2012,13,27,2
2019,4,5,1
2019,54,78,2
2012,33,67,0
2017,18,79,0
2020,21,21,0
2019,5,5,0
2019,11,11,0
2018,27,36,0
2012,5,22,0
2013,12,47,2
2019,5,6,0
2019,4,4,0
2019,7,7,2
2018,206,862,1
2019,47,53,0
2019,5,5,0
2013,18,33,2
2020,1,1,0
2019,16,16,0
2018,11,15,0
2019,8,8,0
2020,0,0,0
2013,22,50,2
2020,7,7,0
2019,7,7,0
2018,140,245,0
2019,7,10,0
2013,5,16,0
2017,17,36,0
2018,11,15,0
2019,7,9,0
2019,36,60,0
2019,11,11,2
2017,22,33,0
2019,36,47,2
2018,29,47,0
2019,11,166,2
2014,42,169,2
2020,53,84,0
2017,50,76,2
2014,0,0,0
2015,65,137,2
2016,78,152,0
2020,26,26,0
2016,80,703,0
2016,20,71,0
2015,14,37,0
2016,10,36,0
2020,32,32,2
2016,15,17,0
2015,5,5,0
2020,79,80,0
2016,27,86,0
2015,5,9,2
2020,7,7,1
2016,36,141,2
2015,13,26,0
2020,212,212,0
2019,10,14,1
2020,42,42,0
2020,1,1,2
2020,32,32,0
2020,111,112,1
2020,26,26,0
2017,56,97,0
2020,5,5,0
2018,13,14,0
2013,27,146,2
2020,78,78,0
2018,11,33,2
2013,2,2,0
2020,79,80,0
2019,1,1,2
2018,73,134,0
2019,5,8,2
2019,8,8,0
2019,16,40,0
2012,7,10,0
2019,9,15,0
2018,9,9,1
2019,8,32,0
2019,6,8,2
2019,11,13,0
2018,0,0,0
2019,10,10,0
2018,3,3,0
2019,86,118,2
2018,43,67,0
2019,67,97,2
2016,23,45,0
2019,9,11,0
2018,4,5,0
2013,33,59,0
2019,9,9,0
2018,165,257,2
2019,13,14,0
2013,16,275,0
2018,9,10,1
2019,5,5,0
2013,7,13,0
2019,5,5,1
2018,13,19,0
2018,11,11,0
2015,28,47,0
2013,4,6,2
2018,1,1,1
2019,52,71,0
2018,51,135,0
2013,22,33,0
2018,63,124,0
2020,16,16,0
2015,7,20,0
2012,2,2,2
2013,21,71,1
2012,3,4,0
2019,13,13,2
2019,2,2,2
2019,10,10,0
2019,5,5,0
2019,16,17,0
2019,63,82,2
2019,5,5,2
2020,79,79,2
2019,6,6,0
2019,39,52,2
2020,14,14,2
2018,22,31,0
2020,32,32,2
2015,21,50,1
2018,45,118,0
2019,1,1,0
2013,8,37,0
2018,42,84,0
2018,8,9,2
2019,6,6,1
2019,11,11,1
2020,6,6,0
2015,14,23,0
2014,13,57,2
2012,26,98,0
2020,11,11,0
2014,24,208,0
2017,12,37,2
2020,26,26,0
2014,11,27,0
2020,23,93,0
2020,14,14,2
2014,15,39,1
2020,50,126,0
2020,5,5,0
2016,6,37,0
2020,65,100,0
2015,8,28,0
2020,79,116,0
2020,27,27,0
2016,3,3,2
2015,11,18,1
2020,11,14,0
2015,21,59,2
2016,43,399,2
2020,16,23,0
2015,48,134,2
2020,56,80,0
2016,8,13,0
2017,92,147,0
2019,65,75,0
2014,7,14,1
2017,25,47,0
2019,1,1,2
2014,31,119,0
2015,63,288,0
2020,35,60,0
2019,44,62,0
2018,80,133,2
2020,22,22,0
2016,211,904,0
2019,20,20,2
2020,81,81,2
2015,5,11,0
2016,24,45,0
2020,2,2,0
2018,8,18,0
2017,54,147,2
2014,33,118,0
2014,16,23,0
2017,11,16,0
2014,14,54,2
2017,39,122,0
2014,55,123,2
2014,0,0,0
2017,25,32,2
2020,12,12,0
2014,35,82,0
2017,42,62,0
2017,15,46,0
2020,57,57,0
2016,8,12,0
2015,13,68,2
2020,13,13,0
2019,5,5,0
2016,0,0,0
2015,51,252,2
2020,25,39,2
2019,4,5,0
2019,27,31,0
2020,39,39,0
2020,45,44,2
2017,39,66,0
2020,37,37,2
2018,13,16,0
2019,20,25,0
2019,22,26,2
2013,1,1,2
2018,45,53,0
2018,150,290,0
2018,19,32,0
2013,8,14,0
2019,5,5,1
2019,14,17,0
2019,14,14,0
2018,106,184,2
2019,79,104,2
2020,27,27,1
2019,50,63,0
2018,4,4,1
2013,21,43,2
2019,20,26,0
2019,26,26,0
2018,0,0,0
2012,7,18,0
2019,15,15,1
2019,43,104,2
2020,4,4,0
2019,1,1,2
2018,15,22,0
2019,7,7,0
2013,2,2,0
2012,11,27,0
2019,0,0,0
2014,12,48,0
2013,3,5,0
2018,34,45,0
2012,8,31,0
2018,6,11,1
2020,4,4,1
2019,27,32,2
2019,65,75,2
2014,41,299,0
2020,3,3,0
2019,0,0,0
2019,54,81,0
2013,14,32,0
2018,28,112,0
2019,26,34,0
2019,11,11,1
2013,14,63,0
2013,5,16,0
2018,7,7,0
2019,1,1,0
2018,14,30,2
2018,5,5,2
2013,5,5,0
2018,25,27,2
2013,10,20,0
2020,8,8,0
2019,0,0,0
2018,23,64,0
2012,3,3,0
2014,13,87,0
2020,1,1,0
2012,16,51,0
2014,15,64,0
2020,134,246,2
2016,9,24,0
2013,6,32,0
2015,5,5,0
2016,25,99,0
2020,5,5,2
2020,30,30,2
2013,15,39,0
2016,30,77,2
2015,11,19,2
2020,10,10,0
2016,5,5,0
2020,138,138,0
2020,10,10,0
2017,7,10,0
2020,9,9,2
2020,11,11,0
2014,16,58,0
2020,12,21,1
2017,36,201,0
2020,8,8,0
2017,20,31,0
2014,12,24,0
2017,6,6,0
2014,11,35,2
2013,14,64,2
2015,6,9,0
2019,8,57,2
2016,6,13,0
2020,33,33,2
2015,11,17,2
2013,14,21,0
2015,30,61,2
2020,5,5,0
2020,20,20,2
2016,11,42,0
2019,11,12,0
2018,51,62,0
2013,8,16,0
2020,4,4,0
2019,65,106,0
2018,49,75,2
2019,1,1,0
2016,1,1,0
2013,19,39,0
2013,6,9,0
2018,26,29,0
2020,50,50,0
2013,27,63,0
2019,4,4,0
2016,14,23,1
2019,9,9,2
2012,25,55,0
2019,17,24,0
2019,10,15,2
2012,6,10,0
2019,35,35,2
2019,2,2,0
2019,5,5,0
2012,15,76,0
2019,1,1,0
2020,49,49,1
2019,7,7,0
2019,30,30,0
2019,91,116,0
2019,21,25,0
2020,82,82,0
2012,0,0,2
2019,20,20,2
2020,57,57,2
2013,3,3,0
2018,11,18,0
2015,25,74,0
2020,30,30,0
2013,6,28,0
2019,38,62,0
2015,3,3,2
2019,23,30,2
2017,22,65,0
2020,128,129,0
2014,12,57,0
2014,7,11,2
2020,18,18,2
2014,83,436,0
2017,51,245,2
2020,77,147,0
2020,59,59,1
2014,4,6,0
2015,8,9,0
2020,257,423,1
2015,15,46,0
2020,30,30,2
2017,35,55,0
2020,88,147,2
2015,7,9,0
2016,13,23,0
2020,28,29,0
2020,22,22,2
2015,34,588,0
2020,3,3,0
2015,26,61,2
2020,26,26,0
2015,2,2,0
2020,2,2,0
2014,7,14,2
2016,1,1,1
2019,10,11,1
2020,40,40,2
2017,5,5,0
2016,13,21,0
2015,8,9,0
2017,60,152,1
2016,2,2,0
2020,36,36,0
2017,6,10,0
2020,116,223,2
2016,15,30,0
2016,36,128,0
2015,15,23,2
2015,33,61,2
2016,23,52,2
2017,5,11,0
2015,6,20,0
2017,13,17,0
2015,15,15,2
2020,1,1,1
2020,5,5,0
2019,79,104,0
2014,8,17,2
2020,3,3,0
2020,1,1,0
2017,16,34,2
2020,2,2,2
2016,6,8,0
2018,31,41,0
2016,10,18,1
2019,7,7,2
2012,59,250,0
2019,20,25,0
2019,6,6,0
2019,46,56,0
2012,20,58,2
2019,9,9,0
2020,7,7,2
2019,17,17,0
2019,27,27,0
2020,25,25,2
2019,12,18,0
2019,45,80,0
2019,135,432,0
2018,4,6,0
2020,65,91,1
2019,6,6,0
2013,31,74,0
2016,8,15,0
2018,75,210,2
2019,24,32,0
2018,7,8,0
2020,5,5,2
2020,3,3,0
2020,1,1,1
2016,102,228,0
2012,9,33,2
2018,2,2,2
2019,34,34,2
2019,4,5,0
2019,54,79,0
2012,27,73,1
2019,4,4,1
2019,219,344,0
2020,8,8,0
2013,9,13,0
2019,39,42,0
2020,12,12,2
2018,8,13,0
2013,9,26,0
2015,3,5,0
2013,20,36,0
2020,100,101,0
2013,4,13,0
2015,22,54,0
2018,1,1,0
2018,4,4,0
2013,5,10,2
2018,46,103,0
2019,17,19,0
2016,4,14,0
2015,92,304,0
2018,22,33,0
2020,24,24,0
2012,4,6,0
2020,4,4,2
2018,7,153,2
2019,15,21,0
2013,1,1,0
2019,3,3,2
2019,6,7,0
2019,4,4,0
2013,11,19,0
2018,3,3,0
2019,0,0,0
2015,11,34,0
2020,8,8,2
2016,50,305,0
2015,18,33,1
2020,12,12,0
2015,32,60,2
2016,2,2,0
2014,4,28,0
2014,16,58,0
2020,23,36,2
2014,9,15,0
2015,4,8,0
2014,5,7,0
2020,10,15,0
2017,108,389,1
2020,4,4,0
2014,14,33,2
2012,15,40,0
2020,9,11,2
2017,71,144,0
2019,22,29,0
2014,15,58,0
2020,12,12,0
2020,176,175,0
2019,18,29,0
2016,7,23,0
2015,4,5,0
2017,4,4,0
2020,20,20,2
2019,31,31,0
2015,10,25,0
2017,71,147,0
2020,17,17,2
2016,5,7,0
2020,1,1,0
2017,51,91,1
2020,62,62,0
2014,64,305,0
2020,54,54,2
2020,7,7,0
2017,20,33,0
2014,28,119,0
2020,16,16,2
2017,5,14,0
2016,3,3,0
2020,4,4,0
2015,40,123,0
2020,2,2,0
2020,17,17,2
2020,599,1012,0
2016,23,103,2
2015,51,120,0
2019,10,12,0
2019,5,6,0
2020,10,10,2
2019,40,66,2
2013,8,9,0
2019,5,5,2
2019,15,15,0
2018,2,2,2
2020,5,5,2
2019,20,21,2
2013,62,140,0
2012,9,20,0
2020,18,18,0
2019,54,72,0
2018,29,43,0
2018,1,1,0
2020,16,25,0
2019,25,30,2
2012,3,3,0
2013,7,11,0
2018,3,3,0
2020,23,23,0
2019,19,22,0
2018,9,11,0
2016,10,10,0
2018,19,38,0
2019,1,1,2
2018,95,287,0
2019,216,311,1
2020,2,2,0
2019,7,7,1
2019,25,28,2
2019,2,2,0
2012,7,19,0
2019,12,28,0
2019,156,189,1
2014,4,5,2
2017,15,44,0
2020,58,58,0
2020,0,0,1
2014,24,507,0
2017,30,41,0
2017,6,11,0
2019,34,38,0
2016,24,126,0
2015,0,0,0
2018,3,3,2
2017,7,7,0
2016,49,127,0
2015,6,8,2
2020,78,78,0
2016,50,172,0
2020,11,11,0
2018,52,119,0
2020,4,4,0
2016,12,20,0
2020,4,4,0
2016,189,348,0
2020,7,7,0
2020,60,95,0
2014,34,61,0
2020,98,165,0
2014,19,42,2
2020,9,9,0
2019,37,87,0
2020,17,17,0
2013,17,31,0
2020,4,4,0
2019,0,0,0
2018,72,154,0
2019,66,114,0
2020,0,0,2
2013,59,341,0
2019,21,33,0
2019,60,83,2
2013,37,130,0
2017,37,52,2
2019,5,5,0
2020,3,3,0
2017,20,66,2
2012,13,19,0
2019,61,94,2
2018,3,3,0
2019,30,141,2
2019,9,10,0
2019,3,3,0
2017,3,3,0
2020,15,15,0
2020,25,25,2
2018,19,24,0
2018,7,11,0
2017,2,2,0
2020,18,18,2
2019,72,79,0
2019,1,1,0
2013,8,17,0
2018,72,174,0
2018,10,35,0
2019,2,2,0
2018,197,349,0
2013,0,0,2
2013,0,0,0
2018,2,2,0
2019,0,0,0
2019,2,2,0
2019,62,85,1
2018,4,11,0
2019,4,5,1
2018,8,8,0
2013,0,0,0
2018,106,486,1
2019,14,14,2
2020,9,9,2
2018,2,2,2
2012,9,22,2
2019,12,12,0
2014,6,17,0
2014,60,431,2
2018,6,6,2
2019,18,27,0
2018,14,19,0
2012,4,7,2
2020,127,127,1
2020,4,4,0
2019,0,0,0
2020,6,6,0
2019,1,1,1
2018,16,26,0
2012,10,23,0
2020,21,21,0
2019,94,151,0
2013,6,10,0
2019,9,10,0
2018,4,6,0
2013,19,36,2
2018,22,41,0
2019,14,21,0
2013,2,2,0
2018,27,47,0
2013,20,145,0
2017,1,1,0
2017,5,5,1
2014,11,21,0
2017,10,10,2
2020,36,36,2
2014,0,0,0
2018,112,168,0
2020,10,10,0
2013,15,22,0
2015,16,28,0
2019,5,5,0
2020,152,152,2
2016,11,22,0
2013,6,7,1
2015,1,1,0
2018,33,69,0
2016,449,5367,0
2020,8,8,0
2019,7,7,1
2016,52,85,0
2015,14,32,0
2020,57,92,0
2020,20,20,2
2015,30,289,0
2016,9,27,1
2015,88,134,0
2020,27,27,0
2015,69,317,0
2016,14,41,0
2020,18,18,0
2014,21,77,0
2014,3,7,0
2020,13,17,0
2017,21,32,2
2020,22,29,0
2017,18,41,2
2020,14,14,2
2020,59,59,2
2014,35,77,2
2016,14,17,0
2015,5,5,0
2016,10,22,0
2015,5,5,0
2020,20,20,0
2016,13,21,2
2017,8,25,0
2017,25,38,0
2020,64,64,0
2020,3,3,0
2017,10,16,2
2020,2,2,0
2017,58,233,2
2020,31,31,0
2020,7,7,0
2017,1,1,0
2016,2,3,0
2014,4,81,0
2016,5,5,0
2014,11,18,0
2015,4,5,0
2020,26,26,0
2016,37,1305,2
2020,43,43,2
2020,5,6,0
2015,19,62,0
2020,7,7,2
2016,51,185,0
2012,6,7,0
2019,5,5,0
2019,10,10,0
2019,2,2,0
2012,14,25,0
2019,8,8,2
2019,151,500,2
2018,3,3,0
2016,32,103,0
2019,13,15,0
2020,46,46,0
2019,5,5,0
2013,19,49,0
2020,12,12,1
2016,44,260,0
2020,74,145,0
2013,44,82,0
2018,6,7,0
2020,24,24,1
2020,18,18,2
2018,12,27,0
2018,23,29,0
2013,8,15,0
2016,22,58,0
2018,12,12,0
2019,5,6,0
2019,8,9,1
2019,2,2,0
2019,45,64,2
2012,21,339,0
2019,9,9,0
2019,7,7,0
2019,6,6,0
2012,9,19,0
2019,53,66,2
2019,10,12,0
2018,23,52,2
2013,18,76,0
2018,2,2,1
2013,72,197,2
2018,13,16,0
2019,4,4,1
2013,5,25,2
2018,38,94,0
2013,30,119,2
2018,26,31,2
2019,14,15,0
2015,11,17,0
2013,8,11,0
2019,4,4,0
2018,5,5,1
2020,12,12,2
2018,24,47,0
2019,4,4,0
2015,4,4,2
2020,13,13,0
2012,0,0,0
2013,4,4,0
2012,62,441,0
2019,28,77,0
2019,32,37,2
2019,6,7,0
2012,17,17,2
2020,8,8,2
2019,12,14,0
2015,5,16,0
2020,175,245,2
2016,60,134,2
2015,22,146,2
2015,66,2665,2
2015,10,10,2
2020,5,5,0
2016,47,184,0
2020,16,16,0
2014,2,2,0
2017,25,36,0
2019,23,32,2
2017,20,33,0
2014,22,55,2
2019,2,2,0
2014,4,10,0
2014,17,246,0
2012,7,10,0
2020,16,16,0
2020,11,11,0
2020,24,24,0
2017,2,2,0
2014,16,46,0
2012,29,132,0
2017,79,388,2
2020,21,21,1
2020,13,12,0
2016,2,2,0
2015,14,50,0
2020,27,27,0
2019,18,21,0
2020,4,4,0
2016,9,16,0
2015,4,4,0
2019,18,18,0
2020,51,51,2
2019,45,63,0
2013,10,37,0
2019,15,50,2
2018,9,14,0
2019,22,32,2
2013,18,43,0
2012,7,20,0
2019,5,5,0
2019,74,89,2
2020,19,19,0
2020,4,4,0
2012,23,60,0
2018,11,15,0
2020,21,34,0
2017,57,77,0
2019,1,1,0
2014,50,96,0
2013,25,101,0
2012,25,92,0
2019,4,4,0
2014,9,19,0
2019,1,1,0
2019,9,9,0
2019,27,32,0
2013,10,17,0
2019,7,7,0
2019,1,1,0
2014,15,36,0
2018,49,72,2
2019,1,1,2
2019,32,38,2
2018,43,69,2
2013,5,7,2
2020,3,3,0
2019,24,41,0
2018,93,263,2
2013,31,342,0
2019,7,7,0
2013,5,6,0
2018,16,18,0
2019,15,19,0
2013,4,5,0
2019,113,161,0
2018,15,19,0
2018,8,11,0
2020,19,28,0
2015,6,6,0
2020,18,18,0
2015,6,10,0
2013,30,95,0
2018,6,11,0
2015,17,34,0
2016,28,54,0
2020,9,20,0
2018,18,52,0
2013,3,9,0
2015,4,11,0
2020,28,28,0
2013,5,15,0
2018,1,1,1
2020,9,9,0
2015,8,12,1
2020,6,6,0
2019,14,20,0
2015,5,7,2
2020,58,59,0
2013,7,47,0
2019,10,13,0
2015,23,87,0
2014,1,1,2
2020,51,52,0
2017,21,29,0
2020,34,64,0
2020,36,36,2
2014,11,20,0
2017,146,399,2
2020,94,95,0
2014,29,62,0
2020,6,6,0
2020,10,10,0
2017,34,52,0
2020,3,3,2
2014,10,26,2
2020,11,11,2
2017,32,73,0
2017,2,2,0
2020,32,32,0
2018,21,51,0
2019,10,14,2
2017,10,22,2
2018,16,20,0
2019,19,40,0
2016,4,12,0
2020,42,42,0
2016,2,2,0
2020,22,22,0
2015,28,69,0
2020,73,446,1
2016,107,283,0
2019,69,93,1
2020,14,14,0
2015,78,550,0
2016,7,8,0
2020,132,133,0
2016,14,17,0
2014,4,14,0
2014,15,69,0
2017,10,14,2
2020,44,44,0
2016,15,68,0
2014,4,4,0
2014,3,3,0
2019,16,16,0
2013,68,275,0
2018,7,11,2
2020,20,20,1
2018,42,60,0
2019,59,85,2
2013,11,22,0
2019,10,11,0
2018,46,182,0
2019,17,20,0
2020,11,11,0
2013,3,3,0
2017,62,111,0
2019,6,6,0
2019,12,16,2
2019,10,11,0
2013,45,91,0
2019,10,10,0
2017,12,25,0
2018,9,22,0
2019,4,4,0
2018,11,16,2
2012,23,182,0
2019,61,101,1
2019,62,80,0
2019,6,9,0
2020,28,27,0
2012,20,42,0
2018,35,48,0
2019,2,2,0
2013,9,11,0
2019,4,4,2
2012,4,4,0
2019,39,39,2
2013,1,1,0
2020,3,3,0
2019,117,154,2
2019,5,5,0
2018,139,219,0
2019,3,3,0
2020,2,2,0
2013,26,112,2
2019,7,9,0
2019,16,16,0
2018,1,1,0
2019,44,57,0
2019,7,7,0
2019,18,23,0
2019,22,33,0
2019,26,26,0
2018,10,11,0
2012,6,9,2
2019,9,10,0
2019,28,43,2
2019,5,5,1
2019,5,7,0
2018,14,20,1
2013,2,3,1
2016,6,8,0
2018,5,10,2
2019,5,5,0
2020,3,3,0
2020,29,29,0
2018,19,28,0
2013,8,15,0
2020,0,0,2
2019,29,37,1
2020,12,24,0
2020,15,15,2
2017,57,103,0
2020,6,6,0
2017,52,166,0
2020,8,8,0
2017,111,218,0
2015,4,4,0
2016,129,524,0
2020,16,16,0
2016,16,34,0
2015,3,8,0
2020,5,5,0
2015,6,21,0
2020,33,64,0
2016,7,15,1
2015,11,21,0
2020,16,16,0
2014,5,9,0
2016,4,11,0
2017,18,107,2
2014,26,79,0
2016,9,18,0
2017,8,10,0
2014,12,19,1
2019,1,1,0
2017,11,21,2
2014,7,20,0
2014,5,20,0
2017,4,6,0
2015,27,77,0
2020,1,1,1
2020,38,38,0
2015,11,13,2
2020,34,34,0
2015,25,73,2
2015,2,2,0
2020,25,25,0
2019,63,173,2
2015,7,15,2
2016,5,5,1
2020,3,3,0
2019,6,6,0
2020,0,0,0
2015,4,5,0
2016,20,44,0
2020,46,46,1
2017,57,152,0
2020,10,10,1
2020,22,22,0
2019,16,23,2
2012,20,33,2
2014,24,55,0
2020,15,15,2
2020,25,25,2
2017,34,109,0
2012,8,12,0
2014,5,5,2
2019,10,10,2
2018,6,6,1
2013,5,6,0
2018,33,68,0
2013,3,3,0
2018,8,8,0
2019,1,1,0
2018,5,6,1
2013,3,3,0
2012,19,93,0
2019,9,9,2
2019,26,26,0
2019,15,15,0
2019,45,62,0
2019,6,6,2
2012,27,72,0
2019,23,23,2
2019,6,6,0
2012,3,3,0
2019,39,55,2
2019,7,7,2
2019,0,0,0
2019,3,3,2
2012,10,21,0
2020,7,7,0
2012,10,35,0
2015,12,17,0
2018,34,115,0
2019,14,23,0
2020,3,3,0
2018,16,17,2
2012,12,30,0
2013,39,112,0
2019,4,4,0
2019,12,21,0
2018,22,30,0
2019,18,24,0
2015,5,11,0
2016,111,402,0
2013,68,170,0
2015,9,27,0
2013,22,88,0
2016,5,14,0
2020,32,32,1
2018,26,52,2
2015,5,8,0
2020,27,27,1
2020,2,2,0
2017,34,94,0
2020,26,40,2
2020,28,28,1
2017,60,113,0
2020,214,214,0
2020,8,8,0
2014,4,10,0
2015,10,26,2
2013,4,6,0
2020,20,50,0
2015,5,15,0
2019,16,16,1
2013,12,14,0
2020,38,38,0
2015,1,1,2
2020,4,4,0
2018,1,1,0
2019,75,119,0
2020,5,5,0
2017,88,139,0
2019,12,12,0
2020,1,1,0
2019,8,12,0
2012,9,37,2
2014,15,56,2
2019,3,3,2
2020,234,235,0
2019,20,22,0
2019,1,1,0
2013,9,16,0
2019,43,88,2
2018,346,1614,0
2019,1,1,0
2019,24,30,2
2013,14,105,0
2019,1,1,0
2020,1,1,0
2018,3,3,2
2019,10,13,0
2018,10,15,0
2013,28,44,0
2018,104,240,0
2019,62,79,1
2018,5,5,0
2020,6,6,0
2013,23,99,1
2018,87,136,0
2013,11,45,0
2019,1,1,0
2019,22,27,2
2019,48,62,0
2018,2,2,0
2020,35,35,0
2014,24,106,0
2019,137,357,0
2013,1,1,0
2018,9,9,2
2019,5,5,0
2019,94,135,2
2014,9,15,0
2019,1,1,0
2012,10,21,2
2013,3,3,0
2019,7,7,0
2019,15,17,0
2018,4,4,0
2019,33,46,0
2013,8,8,0
2019,3,3,0
2019,0,0,1
2018,15,15,0
2019,97,124,0
2017,27,109,0
2013,1,1,2
2018,42,67,0
2019,109,151,0
2020,1,1,0
2019,4,4,2
2013,12,28,0
2018,45,440,0
2013,56,158,0
2019,22,23,0
2020,0,0,0
2019,10,11,0
2013,11,18,0
2012,11,11,0
2019,22,29,2
2013,9,22,0
2019,31,46,0
2019,5,5,0
2019,14,19,0
2019,18,19,0
2012,29,62,0
2019,1,1,2
2019,26,31,2
2020,10,10,0
2018,10,10,0
2019,2,2,0
2012,3,5,2
2020,330,330,0
2017,6,24,0
2018,10,13,1
2019,36,36,0
2020,8,8,0
2014,8,12,0
2020,26,26,0
2017,46,69,0
2020,5,5,0
2014,11,11,0
2020,24,24,2
2017,28,71,2
2014,1,1,0
2016,5,23,0
2014,6,7,0
2020,22,22,1
2014,4,4,0
2016,13,42,0
2014,0,0,0
2020,15,15,2
2017,21,53,2
2015,13,238,0
2020,12,12,0
2016,4,4,2
2019,111,133,0
2016,14,99,0
2020,46,72,2
2016,10,21,0
2015,19,71,0
2020,13,13,0
2016,31,52,0
2019,29,29,0
2014,4,4,0
2015,4,8,0
2014,9,38,0
2020,12,12,0
2016,5,5,0
2014,34,80,0
2020,23,23,2
2015,50,121,0
2020,7,7,0
2020,19,19,0
2015,8,10,0
2015,14,30,0
2015,12,29,0
2020,1,1,0
2019,3,4,2
2015,4,13,0
2019,21,25,0
2020,12,12,0
2020,13,13,0
2014,4,8,1
2020,17,28,2
2012,3,3,0
2017,38,338,2
2020,10,10,0
2014,35,98,0
2020,11,11,1
2017,36,50,2
2019,22,53,0
2012,23,32,2
2015,12,37,0
2013,6,12,0
2020,1,1,0
2018,18,25,0
2012,94,562,0
2013,4,6,0
2015,2,2,0
2013,11,22,0
2020,7,7,0
2019,7,8,0
2013,7,7,1
2019,72,108,0
2020,88,89,0
2019,70,184,0
2019,5,5,0
2012,14,29,0
2019,259,746,2
2019,12,15,2
2018,22,45,0
2019,0,0,0
2019,14,22,0
2013,38,92,0
2019,7,7,0
2019,17,17,2
2013,24,55,0
2012,4,12,0
2020,25,25,1
2015,9,15,2
2018,40,71,0
2019,7,7,0
2016,14,39,0
2019,7,7,0
2020,5,5,0
2013,14,35,0
2018,10,10,0
2016,8,11,0
2019,7,7,0
2018,27,67,0
2019,13,15,0
2015,5,10,0
2018,4,4,0
2013,9,29,2
2018,44,137,0
2018,4,4,0
2019,78,87,0
2013,23,75,2
2012,6,14,1
2019,7,7,0
2020,68,68,0
2018,8,8,0
2019,37,37,2
2013,3,9,0
2019,13,13,0
2019,506,1427,0
2018,10,13,2
2018,16,19,0
2013,5,6,0
2019,13,13,0
2019,6,6,0
2019,17,21,2
2020,5,5,1
2019,5,5,2
2019,2,3,0
2019,8,8,0
2012,6,7,0
2019,50,72,0
2019,5,5,0
2020,1,1,2
2019,5,7,0
2012,24,65,0
2019,14,18,1
2016,9,13,0
2018,16,21,0
2019,3,3,0
2018,38,45,0
2016,9,18,0
2014,45,168,0
2017,79,579,0
2020,37,37,2
2020,1,1,0
2014,10,47,0
2017,17,27,0
2017,10,10,2
2020,14,14,0
2015,9,14,0
2020,3,3,0
2016,4,5,0
2015,0,0,0
2016,54,411,0
2020,11,11,0
2020,10,10,0
2015,21,98,2
2017,11,40,2
2015,6,6,2
2016,53,98,0
2020,20,20,0
2015,28,69,0
2020,35,35,1
2016,4,8,0
2015,3,3,0
2016,5,8,0
2020,0,0,0
2020,37,37,2
2019,98,138,0
2016,8,16,0
2019,5,5,0
2018,16,18,0
2017,49,92,0
2019,9,9,2
2012,12,19,0
2019,7,7,0
2019,8,14,0
2020,8,8,0
2019,9,9,0
2012,11,11,0
2019,43,97,1
2013,8,14,0
2013,45,194,0
2019,15,16,2
2020,2,2,0
2018,24,48,0
2013,15,44,0
2020,6,6,2
2018,42,97,2
2019,24,25,2
2019,51,62,0
2018,82,119,0
2013,5,9,0
2018,33,36,0
2018,33,89,1
2018,42,61,0
2013,6,6,2
2019,97,117,0
2017,96,161,0
2019,2,2,0
2019,5,5,0
2019,6,6,0
2018,36,83,0
2018,10,16,1
2020,17,17,0
2020,18,18,1
2019,24,23,0
2020,3,3,0
2015,7,35,0
2016,20,30,0
2017,7,9,0
2020,20,20,0
2015,1,1,0
2018,0,0,0
2016,16,76,0
2017,1,1,0
2020,25,34,1
2017,10,32,0
2014,37,105,0
2020,7,7,0
2017,63,113,0
2020,3,3,0
2020,4,4,2
2014,27,51,0
2014,6,6,0
2020,14,14,2
2020,1,1,0
2020,13,13,0
2017,5,8,0
2014,66,6403,2
2014,9,25,0
2017,4,15,0
2020,16,16,0
2018,16,20,0
2016,199,2186,0
2020,30,30,0
2020,9,9,0
2016,5,20,0
2020,2,2,0
2020,2,2,1
2016,17,41,0
2018,317,777,1
2015,20,38,0
2016,11,23,2
2019,41,88,0
2020,2,2,2
2016,31,65,0
2015,5,5,0
2013,23,90,0
2018,24,31,0
2016,13,22,0
2020,5,5,0
2019,13,15,0
2020,7,7,0
2018,168,611,2
2013,9,29,1
2020,14,14,0
2014,17,76,0
2017,15,43,2
2017,13,15,0
2020,9,9,0
2017,22,48,0
2020,68,68,0
2014,44,154,0
2020,5,5,2
2014,30,366,0
2017,17,30,0
2020,51,51,0
2014,45,152,2
2020,138,275,1
2020,9,9,0
2016,14,25,0
2015,16,38,0
2015,22,75,0
2016,21,49,2
2016,8,11,0
2020,6,6,0
2015,4,19,0
2016,4,4,0
2020,25,25,0
2020,171,293,0
2015,1,1,0
2014,41,120,0
2018,6,8,0
2019,12,22,0
2018,42,48,0
2012,5,28,0
2019,132,199,0
2020,2,2,2
2018,7,11,0
2019,33,46,0
2018,2,2,0
2019,3,3,0
2013,10,45,2
2019,16,30,1
2018,17,22,0
2013,3,3,0
2019,5,7,0
2018,33,38,0
2020,39,51,0
2013,6,12,0
2019,28,43,0
2018,15,37,0
2013,15,34,0
2013,17,24,0
2020,7,7,2
2018,14,31,0
2013,6,21,0
2019,4,4,0
2018,11,15,1
2019,29,96,2
2020,32,32,2
2018,6,22,0
2019,7,7,0
2019,4,4,0
2020,61,61,2
2020,4,8,0
2018,2,2,1
2012,19,37,0
2017,15,43,0
2020,11,11,0
2020,5,5,2
2017,36,62,0
2014,6,12,2
2012,7,20,0
2020,14,14,2
2017,9,11,0
2020,18,18,2
2012,148,1224,0
2017,194,607,2
2015,3,3,2
2020,102,147,0
2016,13,28,0
2015,0,0,0
2020,31,32,0
2020,5,5,2
2016,24,45,0
2020,4,4,0
2016,16,53,0
2020,45,45,2
2016,23,48,0
2020,38,38,0
2020,3,3,2
2020,11,17,0
2015,45,130,0
2019,15,17,2
2017,2,2,0
2019,1,1,1
2014,8,37,0
2017,71,176,2
2020,3,3,0
2019,40,102,0
2013,19,50,0
2012,6,11,0
2019,12,19,0
2015,8,13,0
2013,23,35,0
2019,45,64,0
2018,10,10,0
2019,7,11,0
2018,79,125,0
2020,1,1,2
2019,2,2,2
2019,9,9,2
2019,11,11,0
2012,3,8,2
2019,35,53,2
2019,10,10,0
2019,5,6,0
2020,13,13,1
2019,106,145,1
2012,4,28,0
2019,6,6,2
2019,33,43,0
2019,8,11,0
2018,18,34,0
2019,1,1,2
2018,22,131,0
2013,3,6,2
2018,66,92,0
2019,10,10,1
2013,14,40,0
2018,1,1,2
2018,14,32,0
2020,32,32,0
2013,10,24,0
2018,11,16,2
2018,43,56,0
2018,26,52,0
2020,59,471,0
2019,36,36,0
2019,10,18,1
2019,89,136,0
2012,21,49,2
2019,52,73,0
2012,20,43,0
2019,86,103,0
2019,10,10,2
2019,6,6,2
2019,1,1,0
2012,1,1,0
2019,74,100,2
2019,13,13,0
2019,53,71,0
2012,9,22,2
2019,4,4,0
2019,16,21,0
2013,5,10,2
2018,5,5,0
2019,7,7,1
2016,29,118,0
2013,18,106,0
2020,24,25,0
2019,1,1,0
2016,163,298,1
2018,21,27,0
2019,7,14,0
2014,4,13,2
2017,25,77,0
2017,14,36,0
2020,15,15,0
2015,7,14,0
2015,14,104,2
2020,69,105,0
2016,29,85,2
2015,32,165,0
2015,4,8,0
2016,218,542,1
2020,21,21,0
2015,6,14,0
2020,5,5,2
2016,11,46,0
2015,4,4,0
2017,14,21,0
2020,23,23,0
2016,44,264,1
2020,9,9,2
2020,20,20,0
2020,6,6,0
2017,20,68,0
2020,11,11,2
2020,4,4,0
2020,12,12,0
2017,58,206,0
2019,17,28,1
2020,17,132,0
2020,13,20,2
2020,8,8,1
2019,12,12,2
2019,4,4,2
2012,5,5,0
2019,8,9,0
2019,15,15,0
2019,13,14,2
2019,36,45,2
2018,35,46,0
2018,17,21,1
2019,6,6,0
2012,21,66,0
2019,3,3,0
2013,9,14,0
2013,8,40,2
2019,24,26,0
2019,5,5,0
2019,1,1,0
2019,7,7,2
2018,14,33,0
2013,9,15,1
2018,109,148,1
2020,13,13,0
2013,21,35,0
2020,13,13,2
2013,21,72,0
2019,85,116,1
2013,24,54,0
2018,82,146,0
2018,3,3,1
2018,15,25,0
2019,1,1,0
2012,6,66,2
2019,18,18,0
2019,7,9,2
2013,8,14,0
2018,5,5,2
2019,9,10,1
2019,3,3,0
2013,4,4,2
2019,52,74,0
2012,69,1161,0
2015,9,16,1
2018,50,95,0
2019,0,0,0
2016,46,158,2
2020,6,6,1
2018,17,21,2
2015,17,49,0
2020,18,32,0
2016,6,8,0
2019,164,267,1
2020,62,62,2
2014,14,80,0
2016,6,18,1
2020,10,10,0
2014,13,33,0
2016,6,11,2
2014,16,141,2
2020,15,15,0
2017,7,7,0
2020,55,56,0
2014,9,12,0
2014,134,531,1
2020,10,10,0
2015,30,76,0
2020,7,7,0
2019,140,184,0
2018,22,43,1
2020,16,15,0
2017,1,1,0
2018,13,20,0
2015,19,34,0
2020,19,302,0
2017,2,2,0
2020,39,56,0
2019,13,16,2
2018,10,11,2
2020,8,8,0
2020,3,3,0
2015,15,20,1
2013,10,18,0
2020,47,47,0
2014,22,35,0
2019,8,8,0
2015,2,2,0
2020,13,13,0
2014,6,1358,0
2020,1,1,0
2020,3,3,0
2017,148,394,2
2014,48,175,0
2020,4,8,0
2017,109,280,2
2015,27,66,0
2020,43,43,2
2017,3,3,2
2015,5,5,0
2017,47,91,0
2015,10,19,0
2018,67,174,0
2020,1,1,0
2015,8,14,0
2016,7,13,2
2020,15,15,2
2018,16,29,0
2019,8,12,0
2019,5,5,0
2019,5,5,0
2020,16,16,2
2019,32,36,0
2020,166,250,1
2014,7,30,0
2018,47,100,0
2019,9,20,0
2019,3,3,0
2013,4,5,2
2019,56,76,2
2020,10,10,0
2019,15,15,0
2019,2,2,1
2018,75,249,0
2019,102,396,2
2013,9,205,0
2018,19,30,0
2019,22,64,2
2018,1,1,2
2020,2,2,2
2019,0,0,0
2013,6,9,0
2019,16,18,0
2013,14,38,0
2012,11,153,2
2019,30,44,0
2017,139,220,0
2020,31,53,0
2018,9,19,2
2019,4,4,0
2012,25,159,0
2019,3,4,0
2017,29,79,0
2020,19,19,0
2018,9,10,2
2019,21,23,2
2012,41,199,2
2020,1,1,0
2018,31,37,1
2019,3,4,0
2016,23,44,0
2018,9,29,0
2013,30,89,0
2018,5,5,1
2018,5,5,2
2013,4,4,0
2020,0,0,0
2018,38,52,0
2016,8,8,2
2019,8,8,0
2019,123,160,0
2012,21,66,0
2019,3,3,0
2020,3,3,0
2019,181,274,0
2019,19,19,0
2019,13,14,0
2019,6,6,0
2012,7,7,2
2019,65,85,0
2019,19,29,0
2020,107,107,0
2018,2,2,0
2019,11,12,0
2013,5,14,2
2020,10,11,0
2018,16,19,2
2012,10,15,2
2017,7,8,0
2014,25,619,2
2016,5,5,0
2019,37,48,0
2015,4,6,0
2020,35,35,1
2019,12,13,0
2016,3,3,0
2015,5,20,2
2015,10,19,2
2016,54,83,0
2020,11,11,0
2015,6,8,0
2020,8,8,0
2016,8,11,0
2015,12,624,1
2016,64,488,0
2015,4,4,2
2020,9,9,0
2017,9,18,0
2015,28,245,0
2020,8,8,0
2019,27,40,0
2014,42,110,0
2017,9,13,0
2014,13,21,1
2019,20,20,0
2020,31,31,2
2020,13,13,0
2020,48,48,0
2017,4,4,0
2014,22,31,0
2017,7,13,0
2019,14,22,2
2017,14,19,2
2020,26,38,1
2017,60,234,2
2014,4,8,2
2020,91,91,2
2019,13,18,2
2019,47,59,2
2020,212,212,0
2016,3,3,0
2020,10,10,0
2020,6,6,0
2015,15,24,0
2020,11,28,0
2016,13,24,0
2020,18,18,1
2015,134,221,1
2020,40,40,0
2016,81,228,1
2020,33,33,0
2014,21,48,0
2016,2,2,2
2015,5,6,0
2020,21,21,0
2014,12,34,0
2019,13,36,2
2018,12,27,2
2016,65,432,0
2019,60,72,0
2013,4,16,0
2019,3,4,0
2020,2,2,0
2019,3,3,0
2019,61,82,0
2018,30,49,0
2020,27,27,0
2018,0,0,0
2019,5,5,0
2013,5,8,0
2019,19,27,0
2019,2,2,0
2013,44,211,0
2019,92,144,0
2013,6,9,0
2019,19,29,0
2020,25,25,0
2012,19,49,0
2019,15,24,0
2020,17,17,2
2012,10,13,2
2019,7,8,0
2019,15,19,2
2020,6,6,0
2015,27,148,2
2019,3,3,2
2018,21,36,2
2012,3,3,2
2019,5,5,2
2013,25,55,0
2018,10,11,0
2020,20,32,2
2019,21,23,0
2015,8,15,2
2018,133,382,0
2012,21,185,0
2015,42,146,2
2020,29,30,0
2016,13,32,0
2019,5,6,1
2016,11,34,1
2019,14,14,0
2015,3,3,2
2016,16,33,0
2020,1,1,0
2016,4,4,2
2020,13,13,2
2017,4,6,0
2014,11,30,0
2020,16,16,0
2020,3,3,0
2020,3,3,0
2017,23,28,0
2014,1,1,0
2017,14,23,0
2017,1,1,1
2020,63,63,2
2020,12,12,1
2017,46,71,2
2020,4,4,0
2020,10,10,0
2016,21,40,0
2013,8,9,0
2015,86,569,0
2016,161,1951,0
2016,12,13,0
2020,36,36,2
2016,14,36,0
2013,7,25,0
2019,58,58,0
2020,19,21,2
2019,1,1,0
2019,34,42,2
2020,0,0,0
2012,7,20,2
2018,2,2,0
2019,7,8,0
2019,7,7,1
2020,32,32,0
2012,7,24,0
2018,1,1,0
2019,61,82,0
2018,0,0,0
2019,4,4,0
2013,14,45,2
2018,26,62,1
2019,50,91,0
2013,6,14,0
2019,3,3,0
2020,15,15,0
2019,8,8,0
2019,1,1,0
2013,5,5,0
2018,8,10,0
2018,1,1,0
2018,10,14,2
2018,55,107,0
2013,20,46,0
2019,7,8,0
2012,35,286,0
2014,7,10,0
2018,33,44,0
2019,16,17,0
2019,37,87,0
2018,9,9,0
2014,18,82,2
2019,14,321,2
2019,13,13,0
2018,13,13,0
2020,0,0,2
2017,93,166,0
2020,0,0,0
2019,4,5,2
2019,60,79,0
2020,40,40,2
2017,12,17,0
2019,8,8,2
2019,17,17,0
2013,8,28,0
2018,15,21,2
2012,5,8,0
2018,19,21,0
2019,43,46,2
2013,9,33,0
2018,9,12,0
2013,10,50,0
2013,20,21,0
2018,8,16,2
2013,14,25,0
2019,153,300,2
2019,1,1,0
2018,11,15,2
2018,22,46,0
2020,18,18,2
2013,7,7,0
2019,43,69,0
2018,42,67,0
2019,14,17,2
2020,10,10,0
2019,42,64,0
2012,19,77,2
2019,13,22,0
2019,1,1,0
2019,16,19,0
2012,4,4,0
2016,42,176,0
2020,1,1,2
2015,23,89,0
2016,7,9,0
2018,61,163,0
2014,7,8,0
2014,3,3,0
2016,7,10,0
2020,3,3,0
2014,10,14,0
2014,5,10,0
2017,19,24,0
2016,11,15,0
2014,6,18,0
2020,20,39,2
2017,13,18,0
2020,10,10,0
2014,12,31,2
2017,15,22,2
2020,11,11,0
2020,2,2,0
2014,54,115,0
2018,2,2,0
2015,34,136,0
2016,174,378,0
2019,3,3,1
2020,81,132,0
2015,22,57,0
2020,38,39,2
2020,30,30,0
2016,4,6,0
2016,28,63,0
2020,45,45,0
2015,8,300,0
2015,5,7,0
2015,27,58,0
2020,32,51,0
2016,14,20,2
2015,15,27,0
2019,32,42,0
2020,18,26,1
2016,0,0,0
2014,8,20,0
2016,0,0,2
2019,1,1,0
2017,17,18,0
2014,7,9,2
2020,3,3,0
2017,184,306,2
2014,12,25,0
2020,11,11,0
2019,14,15,0
2020,21,21,0
2017,6,11,0
2019,17,22,2
2020,40,40,2
2014,19,54,2
2020,22,22,0
2020,51,51,2
2017,1,1,0
2015,9,23,0
2020,26,25,0
2017,5,15,0
2015,5,49,0
2020,100,100,2
2016,4,7,0
2019,41,51,0
2012,18,54,0
2019,13,13,0
2019,7,8,2
2012,16,44,0
2019,10,10,2
2019,9,9,0
2019,17,20,2
2020,0,0,0
2013,12,24,0
2016,37,107,0
2018,14,18,0
2019,7,14,0
2019,19,24,2
2018,13,20,0
2018,13,45,0
2016,3,3,2
2018,2,2,0
2013,10,15,2
2013,21,28,0
2012,7,12,0
2019,4,4,0
2018,16,17,2
2019,15,19,0
2018,16,31,0
2019,17,17,0
2020,10,10,0
2012,6,16,0
2013,28,113,0
2018,0,0,0
2020,11,12,0
2018,34,58,0
2019,31,41,1
2019,42,75,0
2019,3,3,0
2013,5,13,0
2020,20,20,0
2018,28,63,0
2019,7,8,0
2018,13,18,2
2020,22,22,0
2013,5,5,2
2019,219,718,0
2019,22,22,1
2018,14,21,0
2019,26,29,0
2019,10,10,0
2018,1,1,0
2019,126,198,0
2018,12,275,2
2019,14,15,0
2013,14,25,0
2019,58,68,2
2018,26,33,0
2016,3,3,2
2019,18,24,2
2012,4,10,0
2019,6,8,0
2015,4,4,0
2019,19,27,0
2020,14,14,0
2018,16,21,0
2013,11,27,0
2012,9,23,0
2018,8,9,2
2015,3,4,0
2020,13,13,0
2013,13,33,0
2019,56,136,2
2019,3,3,0
2012,13,35,0
2020,11,11,0
2019,87,110,0
2019,6,8,1
2012,12,28,0
2020,10,10,0
2020,6,6,0
2016,38,66,2
2019,32,48,0
2016,1,1,0
2020,30,30,2
2019,15,19,0
2019,38,53,0
2020,47,47,0
2014,7,17,2
2017,13,47,2
2020,7,7,0
2014,66,120,1
2014,19,31,0
2020,31,40,0
2015,14,24,0
2014,10,23,0
2016,9,23,0
2020,13,13,0
2020,18,18,2
2020,46,46,0
2016,10,16,0
2020,77,121,0
2020,1,1,2
2020,9,9,1
2018,78,115,0
2019,5,5,0
2013,29,71,0
2020,38,38,0
2018,0,0,0
2013,10,17,0
2019,4,4,1
2012,4,4,0
2020,63,64,0
2019,1,1,0
2019,75,117,1
2012,8,46,0
2018,3,3,0
2020,7,7,0
2019,16,19,0
2019,27,57,0
2019,1,1,0
2020,2,2,0
2019,20,28,0
2019,16,23,1
2014,32,125,0
2019,65,85,2
2020,1,1,1
2019,17,35,2
2014,5,6,0
2012,3,27,2
2013,5,8,0
2018,51,89,0
2019,1,1,0
2018,9,9,0
2019,40,55,0
2013,19,65,0
2018,5,5,2
2020,12,12,2
2020,17,17,2
2017,33,63,2
2020,4,4,0
2020,46,71,0
2017,40,108,1
2019,16,25,0
2020,33,38,0
2016,7,12,0
2015,4,9,0
2016,11,26,0
2020,39,39,2
2015,29,139,0
2016,23,53,0
2013,21,82,1
2019,18,51,0
2016,125,314,0
2015,9,14,0
2013,21,44,0
2020,3,3,0
2016,247,657,2
2016,34,249,2
2020,30,30,0
2020,6,6,0
2014,10,23,0
2017,6,6,1
2020,8,8,2
2014,32,84,0
2017,31,63,0
2016,3,6,2
2014,20,164,0
2020,2,2,0
2014,4,4,0
2020,1,1,1
2016,1,1,2
2017,15,89,0
2014,5,17,0
2015,29,42,0
2018,22,28,0
2016,8,12,0
2015,18,93,0
2016,36,90,0
2020,1,1,1
2018,9,13,0
2020,19,19,0
2016,15,22,0
2019,6,6,0
2016,1,1,1
2020,61,61,0
2018,2,2,0
2020,15,15,0
2015,6,8,2
2014,8,33,0
2017,330,1038,2
2020,1,1,2
2020,119,190,0
2014,5,20,0
2014,15,23,0
2020,1,1,0
2020,10,10,2
2014,21,36,0
2017,20,54,0
2013,5,5,2
2018,19,25,0
2019,30,30,0
2018,4,9,0
2019,1,1,0
2012,60,409,1
2018,22,38,2
2013,9,11,2
2019,69,112,0
2019,3,3,0
2020,87,195,2
2017,24,61,0
2020,35,35,2
2020,36,36,0
2019,12,12,2
2019,9,10,1
2019,14,15,0
2019,59,83,2
2012,8,17,0
2019,25,36,0
2018,15,29,0
2019,73,160,2
2013,6,12,2
2019,20,36,0
2018,14,20,0
2013,16,22,0
2020,10,10,0
2019,3,8,2
2018,34,66,0
2013,15,32,0
2012,4,4,0
2019,26,33,0
2019,1,1,0
2019,6,6,0
2019,43,67,0
2019,2,2,0
2019,2,2,0
2020,39,39,2
2019,23,23,0
2018,85,150,0
2018,12,14,0
2012,2,2,0
2020,5,5,0
2015,11,20,0
2019,26,43,0
2018,72,111,2
2019,0,0,2
2019,78,78,0
2020,4,4,1
2012,2,2,0
2013,10,15,2
2015,5,15,0
2018,15,15,0
2019,12,12,2
2018,1,1,0
2013,11,38,2
2018,3,12,2
2019,12,13,0
2018,21,32,2
2019,13,20,0
2019,9,10,2
2019,5,5,0
2016,10,16,0
2020,5,5,1
2020,5,5,0
2015,25,50,0
2015,11,71,0
2012,9,16,0
2014,7,11,0
2017,49,96,0
2020,10,10,2
2017,271,519,2
2017,21,39,0
2012,10,34,0
2014,6,20,0
2020,84,84,2
2017,8,8,1
2014,16,137,0
2019,24,30,0
2017,6,7,0
2014,3,4,0
2019,3,3,0
2020,1,1,2
2015,23,1048,1
2020,30,36,2
2016,33,60,2
2020,1,1,1
2015,11,425,0
2020,42,42,1
2016,15,24,2
2020,19,19,0
2020,11,11,0
2015,44,226,2
2020,8,9,0
2015,6,20,2
2016,9,11,0
2020,10,11,0
2015,7,11,0
2020,8,8,1
2016,21,62,0
2015,14,41,2
2017,4,4,0
2014,7,12,2
2017,274,885,0
2020,9,9,0
2019,9,13,0
2020,19,20,0
2017,130,299,0
2020,4,4,0
2020,38,38,0
2020,10,10,2
2017,98,371,0
2019,47,61,1
2017,54,114,0
2016,39,95,0
2016,80,252,2
2020,15,15,0
2015,24,70,0
2015,3,5,0
2016,56,308,2
2017,5,5,0
2020,68,68,2
2016,30,146,0
2015,5,7,0
2012,15,58,2
2019,2,2,2
2019,44,67,0
2012,5,8,0
2019,6,6,0
2013,17,47,0
2018,4,4,0
2020,19,34,2
2018,13,19,0
2013,13,26,0
2020,43,43,0
2018,21,28,0
2018,18,23,0
2018,10,10,0
2016,26,89,0
2019,6,6,0
2020,1,1,0
2012,7,17,0
2016,5,7,2
2018,90,163,0
2019,186,294,0
2013,7,13,0
2012,7,17,0
2019,6,11,0
2019,5,9,2
2019,6,6,0
2019,8,11,0
2019,3,3,0
2018,59,134,1
2019,22,33,0
2014,13,24,0
2014,17,91,0
2020,10,18,2
2019,33,53,0
2016,27,95,0
2020,12,12,0
2018,77,126,2
2015,13,15,0
2020,5,5,0
2020,27,27,0
2016,11,17,0
2019,40,40,0
2015,19,51,1
2018,35,66,2
2020,33,33,0
2018,11,16,0
2020,12,12,2
2015,15,57,0
2020,23,23,0
2017,8,17,0
2020,24,24,0
2015,5,5,0
2018,121,232,0
2014,9,14,0
2017,32,51,0
2020,29,29,2
2020,16,16,0
2014,15,32,0
2017,176,278,0
2020,59,108,0
2014,25,64,2
2014,3,5,0
2020,4,4,0
2012,50,583,2
2013,4,9,0
2019,50,75,2
2013,0,0,0
2018,10,17,1
2018,14,17,0
2019,173,240,1
2012,49,366,0
2019,4,4,2
2019,3,3,0
2019,4,4,0
2019,6,8,1
2012,24,222,0
2019,1,1,0
2019,21,30,1
2017,28,62,0
2019,4,4,1
2012,8,12,0
2019,82,106,2
2018,10,17,0
2019,5,5,0
2019,39,121,0
2012,4,27,0
2017,15,21,0
2018,4,6,0
2019,8,11,2
2018,5,7,0
2013,8,10,0
2020,21,21,0
2018,20,31,1
2018,4,4,2
2020,16,16,0
2019,2,2,0
2018,23,36,0
2019,5,5,0
2013,11,70,1
2013,12,17,0
2018,2,2,0
2018,33,42,0
2019,3,3,0
2020,73,73,0
2013,12,36,0
2018,66,128,0
2019,11,13,1
2018,1,1,0
2020,8,16,0
2019,19,50,0
2013,5,10,0
2018,24,29,1
2019,1,1,2
2019,4,4,0
2018,62,450,0
2014,7,10,0
2020,1,1,0
2019,1,1,1
2019,17,17,2
2020,12,12,2
2013,1,1,0
2019,11,14,0
2019,65,90,2
2014,26,77,0
2019,12,14,2
2012,16,36,2
2020,20,20,1
2020,1,1,0
2019,0,0,0
2019,8,15,2
2018,3,4,0
2017,6,10,2
2020,54,54,0
2019,34,39,1
2012,4,12,0
2018,80,143,0
2018,8,9,0
2017,11,16,2
2020,123,239,0
2019,3,3,0
2012,7,10,0
2019,7,7,2
2013,14,39,0
2019,10,10,0
2019,30,49,0
2020,0,0,0
2017,109,390,2
2014,10,14,0
2017,74,234,0
2014,24,59,0
2020,2,2,0
2020,56,56,0
2020,29,29,0
2015,6,8,2
2014,2,2,0
2020,11,11,0
2020,1,1,0
2018,6,7,0
2020,86,179,0
2013,3,9,0
2015,23,39,0
2018,90,127,0
2020,32,32,0
2016,28,48,0
2015,33,294,0
2016,4,7,0
2016,16,20,0
2020,30,30,0
2015,34,1014,0
2017,2,2,0
2020,70,69,2
2015,26,50,0
2020,22,22,2
2017,17,32,0
2015,4,5,0
2020,7,7,0
2014,0,0,0
2020,32,32,0
2018,9,9,0
2020,3,3,0
2018,44,63,2
2019,32,45,1
2019,16,24,0
2020,5,5,0
2019,8,8,2
2019,54,73,0
2020,48,48,0
2019,17,17,0
2018,16,32,0
2018,2,2,0
2017,29,70,2
2014,5,7,2
2019,29,29,2
2019,35,45,0
2020,0,0,0
2019,29,42,0
2017,7,13,0
2017,0,0,0
2019,9,11,2
2019,5,5,2
2019,32,41,0
2019,33,47,2
2020,1,1,1
2019,16,23,0
2016,16,138,0
2019,78,94,1
2015,11,56,0
2020,4,4,0
2014,0,0,0
2017,10,14,0
2020,28,28,2
2014,20,34,0
2020,13,13,0
2019,13,21,0
2016,4,11,0
2016,8,21,0
2020,18,18,1
2020,31,31,2
2016,1,1,0
2019,6,6,0
2018,8,10,0
2019,53,67,0
2018,52,93,0
2018,10,38,2
2014,5,18,0
2019,16,22,0
2018,35,63,0
2019,399,824,1
2020,3,3,0
2019,52,64,0
2015,40,71,0
2020,24,24,1
2015,10,15,0
2017,31,91,1
2017,12,58,0
2020,20,20,0
2016,25,65,0
2018,12,15,2
2015,11,15,2
2020,40,40,2
2014,75,303,0
2017,5,12,2
2015,7,23,2
2019,8,12,0
2019,208,287,0
2020,264,386,0
2015,15,22,0
2016,5,7,0
2018,65,90,0
2020,118,717,1
2019,7,11,0
2015,24,48,0
2020,43,43,0
2020,15,15,0
2019,74,152,0
2019,25,27,2
2018,6,6,0
2020,40,58,0
2019,54,79,2
2019,20,34,0
2015,3,3,0
2020,31,40,2
2016,39,116,0
2015,8,18,0
2015,3,3,0
2020,9,9,0
2020,81,81,0
2015,16,28,0
2015,38,81,0
2020,86,86,0
2020,29,39,2
2018,2,2,0
2018,10,12,1
2019,17,18,0
2014,6,18,0
2020,64,141,1
2020,226,385,2
2019,33,33,2
2020,3,3,0
2019,53,77,0
2020,12,12,0
2020,32,32,0
2018,20,24,1
2019,4,26,0
2020,83,83,0
2016,3,3,0
2015,24,37,0
2017,14,33,0
2020,5,5,0
2018,5,6,0
2018,36,59,0
2020,64,103,0
2020,128,127,0
2020,8,8,0
2015,12,79,0
2020,26,26,0
2020,10,10,2
2015,14,23,0
2015,40,178,0
2019,11,14,2
2020,20,20,0
2017,23,30,0
2014,11,29,0
2017,61,96,2
2017,135,263,0
2019,51,65,2
2015,6,9,0
2015,13,30,0
2019,31,73,2
2019,23,30,0
2020,14,14,0
2019,18,20,0
2020,50,50,0
2019,16,17,0
2020,15,15,2
2020,24,26,0
2020,3,3,0
2019,31,47,0
2020,32,32,0
2016,4,8,0
2020,9,9,0
2020,67,67,0
2014,2,2,0
2014,2,2,0
2018,100,355,0
2018,31,65,2
2019,15,17,0
2018,17,27,0
2019,52,65,2
2018,6,7,2
2019,13,16,2
2015,31,60,2
2014,5,6,0
2014,3,4,0
2014,3,3,0
2020,4,4,0
2017,66,131,0
2015,16,18,2
2018,6,16,2
2020,11,11,0
2019,16,19,0
2016,16,23,1
2019,4,4,0
2019,27,41,0
2019,14,19,0
2020,1,1,0
2018,23,46,2
2019,10,10,0
2019,2,2,0
2019,27,40,0
2015,18,52,0
2015,8,21,0
2020,5,5,0
2019,16,32,0
2019,13,23,0
2020,44,44,2
2014,11,18,0
2017,37,55,0
2020,8,12,2
2020,53,53,2
2016,2,2,0
2016,7,19,0
2018,27,48,0
2020,13,16,1
2019,89,114,0
2018,8,12,0
2014,6,40,2
2019,21,34,0
2017,26,49,2
2019,62,82,0
2019,7,7,0
2020,33,34,2
2020,5,5,1
2016,4,4,0
2020,10,10,0
2019,94,124,0
2019,9,9,0
2020,26,45,0
2016,7,11,0
2014,43,221,0
2020,35,35,0
2020,10,19,1
2020,93,127,0
2020,73,73,1
2020,20,32,0
2020,27,27,0
2015,14,68,0
2016,19,49,0
2019,3,3,0
2017,13,16,0
2019,12,22,0
2017,927,2809,0
2017,12,17,2
2020,6,6,0
2014,3,4,0
2016,0,0,0
2020,14,14,0
2020,13,13,2
2019,12,12,2
2019,10,10,0
2019,51,63,2
2018,7,7,2
2020,7,8,2
2019,16,16,1
2019,9,12,0
2020,37,59,0
2020,5,5,2
2015,11,25,0
2015,1,1,0
2015,15,34,0
2020,82,159,0
2016,18,42,2
2020,5,5,0
2014,9,16,1
2016,4,7,0
2019,14,18,0
2019,2,2,0
2020,52,118,0
2019,32,41,0
2018,9,10,0
2018,30,41,0
2019,14,17,0
2017,24,39,0
2019,24,27,0
2018,26,30,0
2020,9,9,0
2020,6,6,0
2018,11,15,0
2016,4,8,0
2019,36,45,0
2019,1,1,0
2019,31,102,0
2019,9,9,0
2019,4,4,0
2019,10,13,0
2017,11,11,0
2020,12,12,0
2019,67,89,2
2020,23,23,0
2017,50,86,2
2019,78,101,2
2019,65,105,0
2019,48,55,2
2020,39,39,0
2018,59,135,0
2019,23,33,0
2019,7,11,0
2019,52,52,2
2017,68,125,0
2020,27,27,2
2020,66,66,0
2020,6,6,1
2014,8,8,2
2020,9,9,0
2017,87,410,2
2019,62,247,0
2018,41,104,2
2019,11,13,0
2019,6,8,0
2018,4,4,0
2019,2,2,0
2019,13,13,2
2018,2,2,2
2020,3,3,0
2018,115,170,1
2020,12,12,0
2019,24,75,0
2019,31,70,0
2014,2,2,0
2020,10,164,0
2015,9,9,0
2020,1,1,0
2018,33,82,2
2019,118,169,0
2019,6,7,1
2020,6,6,1
2020,21,21,0
2019,35,49,2
2019,16,22,0
2019,7,7,2
2014,50,370,1
2019,31,40,0
2016,24,54,0
2020,3,3,0
2017,49,88,2
2020,16,16,0
2014,21,81,0
2019,8,21,0
2018,20,26,0
2019,17,23,2
2018,9,12,0
2019,2,2,0
2019,26,50,2
2020,2,2,0
2019,10,11,0
2018,14,21,1
2015,7,8,0
2019,1,1,0
2015,8,11,0
2020,5,5,0
2020,67,67,2
2020,68,68,2
2020,32,32,0
2017,57,253,0
2019,284,2147,2
2019,27,31,0
2020,18,18,1
2015,4,10,0
2020,34,34,2
2018,12,13,0
2019,4,4,0
2019,2,2,0
2016,24,83,0
2020,23,23,0
2020,24,24,2
2020,35,36,0
2015,81,514,1
2020,20,20,0
2018,48,89,0
2017,92,141,0
2014,20,34,0
2017,79,151,0
2014,4,4,0
2018,27,39,0
2019,13,14,0
2019,22,28,2
2019,27,30,2
2018,17,20,2
2019,4,12,0
2018,8,14,0
2019,16,41,0
2019,4,4,0
2018,97,141,0
2020,23,35,0
2020,8,8,0
2020,1,1,2
2019,23,23,0
2020,7,7,0
2018,7,12,2
2019,56,77,1
2019,2,2,0
2018,11,15,0
2019,17,25,0
2020,187,187,0
2019,6,6,0
2019,2,2,2
2019,38,50,0
2019,35,44,0
2014,21,79,1
2019,7,7,0
2020,6,9,0
2020,91,91,2
2019,7,7,1
2014,6,15,0
2018,15,15,0
2019,6,7,0
2019,6,15,1
2019,57,85,0
2018,16,29,0
2020,34,34,0
2020,8,8,2
2015,25,75,2
2014,5,10,0
2014,4,4,0
2020,20,20,0
2017,5,5,1
2018,1,1,0
2019,52,97,2
2019,3,3,2
2019,41,41,1
2019,1,1,0
2019,14,19,2
2016,31,854,2
2019,17,25,2
2018,23,34,0
2017,15,21,0
2019,15,22,0
2020,23,23,0
2015,30,217,2
2020,36,36,0
2020,46,46,0
2020,21,21,2
2014,33,166,0
2016,26,132,0
2019,24,32,2
2020,32,53,1
2018,35,133,2
2019,94,141,0
2019,4,4,0
2015,3,3,0
2018,39,66,0
2020,9,9,2
2020,19,19,2
2014,18,101,0
2014,18,32,0
2015,9,12,0
2020,23,23,0
2018,5,6,1
2014,6,9,0
2019,16,16,0
2019,10,11,0
2017,91,334,0
2020,2,2,0
2019,22,24,0
2018,0,0,0
2019,8,8,0
2018,7,7,0
2014,10,36,0
2017,25,80,0
2020,21,21,2
2014,19,38,0
2020,9,16,0
2019,16,23,2
2020,38,38,0
2019,27,36,0
2018,13,19,0
2020,17,17,2
2019,137,199,0
2019,152,194,0
2020,29,30,0
2018,20,23,0
2020,1,1,0
2018,47,68,1
2019,82,127,2
2020,8,8,1
2020,5,5,0
2017,12,14,0
2017,7,24,0
2019,4,4,2
2019,6,7,2
2017,4,4,0
2014,17,33,0
2017,8,12,0
2020,18,18,2
2020,19,69,0
2018,29,119,0
2018,5,14,0
2014,2,2,1
2019,0,0,0
2018,8,10,0
2019,35,40,0
2014,9,23,0
2015,21,30,0
2014,8,66,0
2015,6,6,0
2019,2,2,0
2019,3,3,0
2019,62,75,1
2018,1,1,0
2019,4,5,0
2020,5,5,1
2016,105,186,0
2020,14,14,0
2016,3,3,0
2019,2,2,0
2018,3,3,0
2018,101,166,0
2017,8,13,0
2017,8,16,2
2020,3,3,0
2014,14,24,0
2020,28,100,2
2017,7,7,0
2020,75,75,0
2016,37,67,1
2016,5,5,0
2014,5,6,0
2019,21,26,2
2018,7,7,2
2019,2,2,0
2019,10,10,0
2019,24,43,0
2018,14,40,0
2019,8,10,2
2019,2,2,2
2019,9,9,0
2020,31,31,2
2018,6,7,0
2019,10,12,2
2020,100,100,2
2018,71,109,0
2018,60,86,2
2019,0,0,0
2020,9,9,0
2014,13,21,0
2020,21,21,0
2020,7,7,2
2020,57,57,2
2017,217,480,0
2019,8,8,0
2016,62,292,0
2020,55,83,2
2018,4,4,0
2016,49,161,2
2019,41,48,0
2020,16,16,0
2014,13,17,0
2019,18,27,0
2015,57,93,0
2018,131,256,0
2018,10,16,0
2019,2,2,2
2019,11,11,0
2018,18,36,0
2018,119,298,0
2017,15,19,0
2014,42,185,0
2020,21,21,1
2015,31,75,0
2020,26,26,2
2020,42,42,0
2019,19,19,1
2018,70,102,0
2020,19,19,0
2016,20,40,0
2020,4,4,0
2019,2,2,0
2018,84,254,0
2019,6,6,0
2019,21,21,0
2017,32,290,0
2019,36,58,2
2017,165,380,0
2016,15,37,0
2015,156,736,0
2015,7,15,0
2019,75,198,2
2018,41,95,0
2019,30,41,0
2018,20,53,0
2018,40,63,2
2014,2,2,1
2020,1,1,1
2016,4,11,0
2015,11,30,0
2020,1,1,0
2019,133,161,0
2020,53,89,2
2017,4,8,0
2014,0,0,0
2020,33,33,0
2020,223,223,2
2020,60,60,2
2019,3,3,0
2018,16,22,2
2019,29,32,0
2017,76,132,0
2018,4,4,2
2020,20,20,2
2018,137,209,2
2019,77,102,0
2018,17,23,0
2019,4,4,0
2019,10,13,2
2019,38,45,2
2016,8,8,0
2020,99,167,2
2017,255,1360,2
2020,17,35,0
2014,7,22,0
2020,1,1,0
2020,100,101,0
2020,12,12,0
2020,30,30,2
2019,4,4,0
2018,52,79,2
2018,1,1,0
2019,1,1,0
2019,28,34,0
2020,13,13,0
2019,7,8,0
2019,34,43,0
2019,45,55,0
2016,11,19,0
2020,22,22,2
2014,8,17,2
2019,83,85,0
2019,19,24,1
2019,128,204,2
2020,0,0,0
2019,7,7,0
2019,9,15,0
2019,22,60,2
2018,6,2597,1
2019,29,45,1
2019,21,21,2
2019,15,15,1
2019,14,20,0
2019,0,0,0
2020,23,29,2
2018,10,29,0
2016,10,23,0
