2018,99,240,0
2018,24,28,0
2019,0,0,0
2018,188,1853,1
2018,8,8,2
2019,49,49,1
2018,7,13,0
2019,14,14,0
2018,4,6,0
2018,49,129,0
2020,2,2,2
2018,7,17,2
2020,6,6,0
2020,1,1,0
2019,9,10,0
2015,38,67,0
2019,393,2573,0
2018,52,105,0
2020,0,0,0
2015,0,0,2
2020,3,3,0
2013,12,26,0
2019,39,64,1
2018,65,93,0
2019,3,3,0
2020,1,1,0
2019,6,6,0
2019,27,27,0
2019,17,22,1
2020,18,18,0
2016,13,32,0
2020,19,19,0
2015,3,4,0
2020,25,24,2
2020,28,28,2
2018,15,23,0
2015,18,36,0
2020,63,63,0
2019,37,50,1
2017,18,26,0
2020,2,2,0
2019,31,31,0
2017,71,127,0
2017,4,7,0
2020,21,38,0
2017,26,35,0
2020,23,23,0
2020,11,11,0
2018,10,11,2
2017,51,85,2
2020,16,16,2
2020,6,6,0
2020,7,7,0
2017,14,75,0
2014,20,43,2
2020,2,2,0
2018,12,13,1
2017,36,113,0
2016,56,110,0
2018,5,14,0
2020,112,169,0
2015,12,17,0
2020,65,65,2
2020,6,6,0
2016,10,17,2
2020,16,16,2
2015,5,21,0
2018,40,53,0
2020,5,5,0
2016,118,1006,0
2015,26,57,0
2020,58,112,2
2016,6,6,2
2020,4,4,0
2018,6,11,2
2018,7,17,2
2020,2,2,2
2015,37,87,0
2017,16,24,0
2019,34,44,2
2014,31,182,2
2020,1,1,0
2019,17,33,2
2017,53,102,0
2020,21,20,0
2014,9,13,0
2020,8,8,0
2017,16,23,0
2018,13,18,2
2018,3,3,0
2020,9,9,0
2020,318,318,0
2014,16,47,0
2017,3,3,0
2014,8,38,2
2020,7,7,2
2016,11,27,0
2020,33,33,0
2015,12,25,1
2020,14,14,0
2015,2,2,0
2020,1,1,1
2016,39,125,0
2020,20,20,0
2020,35,35,0
2019,19,40,0
2020,2,2,0
2020,4,4,0
2020,2,2,2
2019,1,1,2
2013,0,0,0
2015,100,817,0
2020,23,23,0
2020,10,13,2
2018,2,2,0
2016,15,40,0
2019,18,18,0
2013,6,14,0
2018,15,20,0
2016,21,34,0
2020,16,17,2
2020,8,8,0
2019,0,0,0
2013,21,211,0
2020,66,93,0
2018,3,3,0
2020,3,3,0
2019,2,2,0
2019,12,12,0
2012,11,21,0
2019,13,13,2
2018,54,121,0
2020,0,0,0
2019,5,5,0
2012,11,19,2
2012,36,93,0
2019,7,8,0
2019,6,6,0
2019,34,34,0
2012,91,753,0
2019,14,17,2
2014,15,28,0
2020,29,29,0
2020,5,5,0
2017,14,24,2
2014,4,8,0
2014,0,0,0
2018,12,16,0
2017,34,84,0
2018,20,21,0
2018,6,6,1
2013,17,92,0
2020,8,8,0
2015,10,19,0
2018,6,6,2
2016,23,52,0
2019,71,72,0
2018,72,115,2
2013,24,37,0
2015,12,50,0
2018,6,6,0
2019,26,26,0
2016,22,37,2
2017,33,60,2
2020,9,9,0
2017,96,322,0
2020,8,8,0
2019,8,8,0
2018,25,27,0
2020,9,9,0
2013,15,49,0
2019,1,1,0
2013,9,24,2
2020,5,5,2
2020,4,4,1
2019,4,4,0
2013,66,264,0
2019,29,40,2
2020,41,41,0
2013,9,18,2
2018,83,328,0
2017,7,15,2
2019,40,69,2
2020,178,178,1
2020,27,27,2
2019,10,10,2
2017,3,3,0
2018,44,181,0
2019,17,17,2
2012,13,40,0
2014,0,11018,0
2018,3,3,0
2019,19,23,2
2019,0,0,0
2012,11,20,0
2020,2,2,0
2014,7,19,0
2020,9,9,0
2019,6,13,0
2020,1,1,2
2019,9,9,0
2020,6,6,1
2020,7,7,0
2019,6,6,0
2019,3,3,0
2020,20,20,0
2019,13,13,0
2019,3,11,0
2019,8,8,2
2019,1,1,0
2020,11,11,1
2019,20,20,2
2018,16,20,0
2017,48,82,0
2019,381,381,0
2020,1,1,0
2012,5,18,0
2017,23,29,0
2012,32,73,0
2019,31,50,0
2019,24,55,0
2020,6,6,0
2019,32,32,0
2020,30,30,0
2019,9,10,0
2018,12,13,0
2013,3,16,0
2019,35,35,2
2018,60,67,0
2019,15,26,0
2020,7,7,0
2013,10,208,0
2020,0,0,0
2020,1,1,0
2019,7,7,0
2020,5,15,0
2019,41,50,2
2016,22,120,0
2015,3,4,1
2016,64,615,0
2018,6,7,0
2020,4,4,0
2018,40,58,1
2018,56,102,2
2015,13,14,2
2020,17,17,0
2016,13,15,0
2018,7,8,0
2018,44,99,0
2016,43,110,0
2020,26,26,0
2015,4,6,0
2015,34,123,0
2020,156,156,0
2020,35,35,0
2015,22,66,0
2015,2,2,0
2020,16,16,2
2014,10,12,2
2020,11,12,0
2018,17,19,0
2017,49,68,0
2018,18,91,0
2020,50,131,0
2014,23,83,0
2016,18,178,0
2020,10,10,0
2018,33,46,0
2020,42,51,0
2020,7,7,0
2016,18,25,0
2018,11,16,1
2019,14,19,0
2020,57,57,0
2020,2,2,0
2014,15,51,2
2018,15,22,0
2018,9,22,0
2020,6,6,0
2014,13,22,0
2020,4,4,0
2018,21,69,0
2019,53,73,0
2018,15,20,0
2018,9,10,0
2017,115,279,0
2020,39,39,2
2020,14,14,0
2017,20,190,0
2019,7,8,0
2020,3,3,0
2020,21,21,0
2018,12,12,0
2019,5,5,2
2017,31,60,2
2019,13,13,0
2015,145,291,2
2020,36,36,0
2018,5,5,0
2020,11,11,0
2020,17,17,0
2015,4,4,0
2020,5,5,0
2016,9,17,0
2015,12,24,1
2020,2,2,2
2015,7,7,0
2018,21,24,0
2020,14,14,0
2020,12,12,2
2019,3,3,1
2020,1,1,1
2020,8,8,0
2020,3,3,0
2020,3,3,2
2019,10,11,0
2020,7,7,0
2019,4,4,2
2019,19,19,1
2019,6,13,0
2020,5,5,0
2020,14,14,0
2013,5,7,0
2020,8,8,0
2018,22,36,0
2015,7,7,0
2020,24,24,2
2013,19,22,0
2019,10,10,0
2020,3,3,0
2019,18,22,2
2018,20,26,0
2018,5,7,2
2019,4,4,0
2018,16,24,0
2019,0,0,0
2019,7,7,1
2020,4,4,0
2012,11,34,0
2019,24,24,2
2012,5,5,1
2019,4,4,0
2018,115,184,0
2012,13,35,0
2020,2,2,1
2020,0,0,0
2012,5,11,0
2018,8,8,0
2019,44,44,0
2019,14,18,2
2020,12,16,2
2012,14,35,0
2020,4,4,1
2020,41,41,0
2019,7,7,0
2012,14,38,0
2018,23,33,2
2019,8,8,0
2018,11,13,1
2020,3,3,2
2020,9,9,1
2015,26,161,0
2020,13,13,0
2018,7,9,0
2015,8,16,0
2020,3,3,2
2020,4,4,0
2020,2,2,2
2018,69,123,0
2013,118,489,0
2019,20,20,0
2019,9,9,2
2018,63,119,2
2020,2,2,0
2016,6,7,2
2020,3,3,1
2019,77,112,0
2013,2,2,2
2019,69,90,0
2020,1,1,0
2019,42,66,0
2019,51,51,2
2020,28,28,0
2015,1,1,0
2020,19,19,0
2016,16,22,1
2015,6,9,0
2018,2,2,0
2016,1,1,0
2020,3,3,0
2020,4,4,0
2018,14,16,0
2020,2,2,2
2020,17,17,0
2018,4,4,2
2020,2,2,1
2014,2,2,2
2017,27,76,0
2017,69,128,0
2017,31,43,0
2014,20,41,2
2020,7,12,1
2019,27,37,2
2020,62,62,0
2018,261,519,0
2020,18,18,0
2018,17,21,2
2020,21,21,2
2012,20,85,0
2014,13,1698,0
2018,7,9,2
2018,1,1,0
2019,7,7,0
2020,4,4,0
2012,7,39,1
2014,6,17,0
2019,6,6,1
2018,18,24,2
2018,0,0,2
2019,2,2,2
2019,29,33,0
2020,18,18,2
2020,0,0,0
2013,20,39,0
2018,27,30,0
2019,87,261,0
2020,5,5,0
2013,12,34,0
2019,23,26,0
2020,21,21,2
2019,8,8,2
2018,27,83,2
2017,9,10,2
2014,19,35,0
2020,15,15,0
2017,11,14,0
2018,9,11,0
2020,14,14,0
2016,25,115,2
2019,12,12,0
2013,19,28,2
2020,18,18,2
2015,47,152,0
2016,12,28,0
2019,179,295,0
2016,60,230,2
2020,8,8,0
2018,27,42,1
2013,11,13,2
2015,21,93,0
2020,56,55,2
2016,22,47,0
2018,28,35,2
2018,2,2,1
2020,18,18,0
2020,42,42,0
2015,12,25,0
2018,2,2,0
2020,5,5,0
2018,11,18,0
2015,5,8,2
2020,52,52,2
2018,9,10,0
2017,28,36,0
2014,3,25,0
2020,79,79,0
2020,2,2,2
2017,22,40,0
2014,9,25,2
2020,23,23,0
2020,9,9,0
2018,26,46,0
2014,26,97,0
2020,2,2,2
2014,48,213,0
2020,3,3,2
2017,71,126,0
2020,20,20,0
2014,4,4,2
2020,18,18,0
2015,16,151,0
2018,1,1,0
2019,11,11,0
2016,30,4933,0
2018,2,2,0
2020,7,7,0
2015,10,17,0
2016,55,147,2
2018,58,109,0
2013,8,20,2
2018,30,38,2
2020,14,14,2
2020,46,89,2
2015,4,5,0
2013,13,21,0
2015,38,528,2
2020,5,5,0
2020,65,98,2
2019,1,1,1
2020,3,3,2
2020,0,0,1
2017,22,33,2
2020,4,4,0
2020,16,20,2
2013,5,5,0
2020,24,24,0
2013,9,17,0
2019,13,13,0
2018,19,28,0
2018,15,31,1
2020,35,35,0
2013,4,4,2
2019,0,0,2
2018,10,22,2
2020,2,2,0
2013,28,72,1
2020,6,6,0
2020,35,35,0
2019,25,25,0
2017,30,47,0
2020,5,5,0
2018,24,39,0
2020,15,15,0
2017,10,22,0
2019,14,14,0
2019,5,5,2
2014,12,106,0
2020,10,10,0
2018,3,3,2
2018,20,22,2
2017,11,20,0
2019,27,27,2
2018,42,69,0
2018,116,225,0
2019,4,4,0
2019,6,6,2
2020,0,0,0
2018,16,23,2
2013,4,13,0
2018,12,12,0
2020,23,23,2
2020,10,10,0
2018,4,6,0
2019,30,30,0
2013,15,46,0
2015,39,351,0
2020,6,6,0
2018,14,16,1
2019,11,12,2
2020,18,33,2
2019,4,4,0
2020,13,13,0
2019,3,3,0
2020,5,5,0
2019,9,9,0
2019,15,15,0
2020,7,7,0
2019,27,36,0
2020,6,6,0
2020,2,2,0
2019,14,14,0
2020,1,1,0
2012,33,78,0
2020,1,1,2
2012,10,57,0
2019,39,61,0
2012,8,19,0
2020,6,6,0
2019,23,32,0
2020,3,3,2
2019,6,6,0
2019,30,52,0
2018,5,11,2
2019,53,79,0
2020,31,31,0
2018,16,19,2
2020,23,23,0
2019,15,19,0
2019,0,0,2
2018,91,226,0
2019,3,3,0
2020,3,3,0
2018,39,58,0
2017,64,197,0
2020,12,12,0
2014,9,16,2
2019,28,28,2
2018,0,0,0
2017,38,52,0
2020,1,1,2
2019,64,88,0
2018,19,79,0
2014,44,209,2
2020,29,29,0
2018,3,3,0
2020,41,41,0
2020,3,3,0
2016,25,42,0
2020,30,29,2
2020,7,7,2
2018,36,45,0
2015,4,4,0
2020,8,8,1
2015,28,190,1
2015,11,94,0
2020,31,31,1
2020,25,25,0
2018,4,4,2
2020,4,4,2
2020,6,6,0
2015,26,42,2
2017,7,8,2
2019,12,12,1
2020,3,3,0
2018,2,2,0
2020,25,25,2
2020,2,2,0
2019,63,78,0
2017,6,11,0
2020,4,4,2
2020,7,7,0
2018,6,8,0
2020,19,19,2
2020,3,3,1
2018,2,2,1
2018,16,25,0
2018,29,42,0
2018,384,3262,2
2020,22,43,2
2016,182,1178,2
2020,5,5,0
2018,3,3,2
2020,5,5,0
2020,5,5,2
2015,10,27,0
2020,11,11,2
2017,8,11,2
2019,12,18,2
2017,17,24,0
2020,20,20,2
2014,6,7,0
2019,4,4,0
2017,18,37,0
2014,59,630,1
2020,5,5,0
2017,112,591,0
2020,28,28,0
2015,12,18,0
2018,59,119,0
2020,17,17,0
2018,6,18,0
2019,77,107,0
2020,0,0,0
2018,11,12,0
2015,6,10,0
2020,22,22,0
2020,21,21,2
2018,41,340,0
2019,25,25,0
2020,17,17,2
2012,8,22,0
2019,0,0,0
2019,9,9,2
2018,5,6,0
2019,76,258,0
2020,16,16,2
2020,2,2,0
2012,29,118,0
2018,2,2,0
2019,8,9,2
2019,0,0,0
2019,22,28,2
2019,12,14,0
2019,0,0,0
2019,27,34,2
2019,165,260,0
2013,12,20,0
2016,1,1,0
2019,16,16,2
2018,25,33,0
2020,1,1,0
2013,5,6,0
2019,11,12,0
2020,3,3,2
2020,0,0,2
2019,9,14,0
2018,43,69,0
2016,19,33,0
2018,9,18,1
2020,2,2,0
2016,29,170,2
2020,13,13,0
2015,8,10,0
2013,19,30,0
2016,33,91,0
2019,56,56,2
2020,6,6,1
2013,5,8,0
2016,13,43,0
2019,6,6,0
2016,35,266,0
2018,8,15,1
2020,3,3,2
2020,33,33,0
2014,25,73,0
2020,4,4,0
2017,16,19,2
2020,0,0,0
2014,7,21,0
2018,11,12,0
2020,3,3,2
2020,18,18,2
2014,20,86,2
2017,42,73,2
2020,18,18,0
2015,4,6,0
2020,25,25,1
2015,8,59,0
2020,22,22,2
2018,16,22,0
2016,10,13,0
2018,15,16,0
2018,2,2,0
2015,6,7,0
2020,52,52,0
2020,14,14,2
2018,6,6,0
2016,7,9,0
2020,3,3,0
2018,6,9,0
2018,7,7,0
2019,46,72,0
2018,24,57,0
2019,7,7,0
2020,9,9,0
2019,1,1,0
2014,26,64,0
2012,3,17,0
2019,7,7,0
2018,4,4,0
2019,19,28,0
2018,30,49,0
2014,39,153,0
2012,10,11,0
2020,33,33,0
2018,55,106,0
2020,45,45,0
2019,2,2,0
2020,4,4,0
2018,8,8,0
2019,244,330,0
2013,21,53,0
2019,51,59,2
2018,5,5,0
2019,19,24,0
2013,1,1,2
2020,8,8,0
2019,3,3,2
2019,32,62,0
2020,4,4,0
2020,8,8,0
2019,13,18,0
2020,14,14,0
2017,25,45,0
2020,1,1,0
2020,17,62,0
2019,1,1,2
2017,99,163,0
2019,15,20,0
2018,137,270,0
2013,1,1,1
2020,66,66,0
2018,33,58,0
2013,4,8,2
2020,14,14,0
2013,10,25,2
2020,9,9,1
2019,104,136,2
2013,4,7,0
2020,1,1,2
2018,38,131,0
2020,0,0,0
2018,11,13,2
2018,10,11,0
2019,2,2,0
2018,3,3,2
2019,47,48,0
2014,5,15,0
2017,20,46,2
2018,49,79,0
2019,7,7,0
2018,2,2,0
2020,5,5,0
2018,50,58,0
2019,5,5,0
2017,12,32,0
2014,5,11,2
2018,0,0,0
2020,19,19,0
2018,4,4,2
2020,14,14,0
2020,33,57,1
2019,1,1,1
2015,26,850,0
2020,41,41,0
2020,71,71,0
2018,17,34,1
2018,7,8,0
2014,21,64,0
2014,33,76,0
2020,4,4,0
2014,21,80,0
2018,3,3,0
2020,1,1,1
2020,1,1,1
2014,71,197,0
2020,41,41,2
2020,22,22,1
2019,0,0,0
2017,1,1,0
2020,3,3,2
2017,459,800,0
2020,14,14,0
2020,10,10,1
2015,6,8,0
2018,119,154,2
2013,21,35,0
2016,19,213,2
2018,27,31,0
2020,2,2,2
2015,10,17,0
2020,8,8,2
2016,3,3,0
2018,20,34,0
2013,17,42,0
2020,17,17,0
2017,43,261,1
2017,38,487,0
2019,24,32,2
2020,41,41,0
2017,8,10,0
2019,12,36,0
2017,20,46,0
2015,10,12,0
2020,8,8,0
2016,19,124,0
2018,4,6,0
2020,17,17,0
2020,11,11,0
2020,1,1,2
2016,19,28,1
2015,5,9,0
2020,2,2,0
2018,41,99,0
2016,12,20,0
2018,7,8,2
2020,84,85,0
2015,8,19,0
2020,30,30,0
2016,11,22,0
2012,9,48,0
2020,11,11,0
2014,13,31,0
2017,249,683,2
2020,4,4,0
2020,19,19,2
2017,96,193,0
2017,25,48,0
2018,2,2,0
2012,25,118,0
2020,1,1,0
2014,1,1,2
2017,13,16,0
2020,12,11,1
2020,12,12,2
2018,35,112,0
2020,2,2,0
2018,9,11,0
2019,2,2,0
2020,8,8,0
2018,8,14,2
2018,14,18,0
2020,204,204,2
2018,15,33,0
2019,1,1,0
2018,9,9,0
2018,33,50,0
2019,23,30,0
2018,78,123,0
2019,4,4,0
2019,1,1,0
2019,30,41,2
2019,15,21,2
2019,1,1,0
2018,7,8,0
2013,5,8,0
2020,14,19,0
2015,17,28,0
2019,5,10,0
2019,5,5,2
2018,114,332,0
2020,6,6,0
2019,72,125,0
2020,1,1,0
2013,89,269,1
2015,100,499,0
2020,20,20,2
2016,16,19,0
2018,5,5,0
2019,18,18,2
2015,6,11,0
2020,6,6,0
2013,38,88,0
2018,1,1,2
2020,41,41,0
2020,17,43,0
2015,39,156,0
2019,9,14,0
2016,54,135,1
2013,7,11,0
2019,26,27,0
2019,7,7,0
2020,0,0,0
2019,10,13,0
2020,6,6,2
2012,8,18,2
2012,12,52,0
2019,10,10,0
2019,14,14,2
2019,8,8,2
2018,27,64,0
2012,4,13,0
2019,13,13,1
2019,0,0,2
2012,11,37,0
2020,16,16,0
2018,33,51,0
2018,30,58,1
2019,1,1,0
2020,3,3,0
2018,12,13,0
2019,12,12,0
2013,5,46,0
2020,5,5,0
2014,10,16,2
2017,14,25,0
2020,0,0,0
2020,1,1,2
2014,51,150,0
2020,11,11,2
2019,53,63,0
2017,5,12,0
2018,4,4,0
2015,7,26,0
2020,52,52,2
2018,26,74,0
2020,5,5,2
2015,11,39,0
2018,8,8,1
2020,2,2,0
2020,13,13,2
2015,39,95,2
2016,220,722,2
2020,19,38,2
2015,3,3,2
2016,87,177,0
2015,5,12,0
2020,33,33,0
2014,13,51,0
2018,8,11,0
2017,15,20,0
2018,5,6,2
2020,3,3,0
2017,21,27,2
2020,10,10,0
2017,3,6,0
2019,28,28,2
2019,15,15,0
2017,13,22,0
2020,2,2,2
2013,3,4,0
2013,18,21,0
2019,17,30,0
2018,49,66,2
2019,8,8,0
2013,11,25,2
2020,60,60,0
2019,10,14,2
2018,19,32,0
2013,9,11,1
2020,3,3,0
2020,41,41,0
2020,86,86,1
2018,95,164,0
2019,16,22,0
2019,4,4,0
2020,23,23,0
2020,29,28,0
2020,3,3,0
2020,15,15,2
2020,2,2,0
2020,7,7,0
2018,16,28,0
2019,32,43,0
2019,0,0,0
2014,22,34,0
2012,10,29,0
2018,59,122,0
2014,5,5,0
2012,6,13,0
2018,11,35,0
2019,21,26,0
2018,1,1,1
2018,21,23,2
2018,29,124,0
2014,6,7,0
2020,4,4,2
2017,47,96,0
2020,11,11,0
2020,30,30,0
2014,12,14,0
2020,18,18,0
2018,0,0,2
2020,4,4,0
2020,84,83,2
2020,19,19,1
2020,8,8,1
2017,14,17,0
2016,12,42,2
2019,18,18,2
2018,15,16,0
2018,0,0,0
2020,30,31,2
2015,9,14,0
2013,4,9,0
2019,19,19,2
2016,5,6,0
2018,7,18,2
2013,6,87,0
2018,13,16,0
2018,10,12,2
2018,101,120,0
2020,55,95,2
2015,24,176,0
2016,3,9,0
2020,6,6,0
2018,15,23,2
2016,5,13,0
2018,27,32,0
2015,3,3,2
2020,9,10,2
2019,3,3,2
2017,198,596,0
2020,25,25,0
2019,21,23,0
2020,9,9,2
2020,2,2,0
2017,123,450,0
2018,13,16,2
2014,4,5,0
2020,7,7,0
2017,10,15,2
2014,21,37,2
2020,40,40,0
2015,10,25,2
2015,17,31,0
2020,24,24,0
2015,87,215,0
2015,19,26,0
2020,73,111,1
2019,9,9,2
2012,5,6,0
2018,3,3,0
2020,1,1,0
2017,39,70,0
2019,11,11,0
2018,1,1,2
2018,108,135,0
2012,7,11,2
2020,1,1,0
2019,31,72,2
2017,14,17,0
2020,11,11,2
2019,11,15,0
2019,40,40,0
2018,63,127,0
2019,30,57,1
2019,8,8,2
2020,12,11,2
2019,1,1,2
2013,4,4,0
2018,38,43,2
2019,11,12,2
2019,12,12,0
2020,13,16,0
2013,6,11,0
2018,1,1,2
2020,6,6,0
2019,5,5,2
2019,115,158,0
2019,44,59,0
2019,361,1321,0
2020,6,6,0
2017,22,39,0
2019,12,27,0
2012,2,2,1
2020,14,14,0
2014,7,15,2
2020,18,18,0
2019,27,36,1
2014,17,36,2
2020,11,11,0
2018,4,5,0
2016,17,65,0
2018,5,5,2
2020,142,142,0
2018,5,5,0
2020,3,3,2
2015,7,13,0
2016,4,9,0
2020,10,10,2
2020,14,14,0
2016,28,268,0
2020,18,26,0
2018,26,30,0
2020,48,48,2
2015,3,9,0
2018,13,18,0
2020,39,39,0
2018,3,10,0
2020,35,35,2
2013,8,14,0
2018,30,38,0
2020,12,18,1
2020,7,7,0
2020,30,30,0
2013,6,21,0
2020,20,20,1
2015,18,22,2
2020,39,39,0
2018,54,115,0
2019,13,13,0
2016,24,47,2
2019,14,17,2
2019,27,32,0
2020,14,14,0
2019,12,13,2
2020,2,2,0
2020,21,21,0
2019,8,8,0
2020,7,7,2
2019,5,5,0
2019,52,72,0
2018,45,78,0
2019,13,13,0
2020,13,13,0
2018,7,8,0
2020,10,10,1
2015,6,8,0
2020,39,39,0
2018,4,4,0
2020,20,25,0
2019,1,1,0
2019,5,5,0
2018,149,201,1
2015,7,11,0
2020,7,7,0
2019,13,13,2
2018,16,16,0
2019,5,5,0
2018,3,3,2
2020,3,3,0
2018,13,23,0
2018,3,3,0
2018,57,146,1
2019,2,2,0
2020,6,6,0
2018,29,81,0
2020,9,9,0
2019,7,7,1
2018,17,26,2
2019,8,11,0
2019,44,70,0
2020,4,4,2
2020,10,10,0
2018,55,77,0
2019,28,28,0
2020,13,13,0
2020,2,2,2
2020,2,2,0
2019,117,117,0
2019,6,6,2
2019,49,151,0
2020,14,14,2
2019,7,7,0
2020,24,24,2
2015,11,25,0
2019,26,33,0
2020,0,0,2
2019,8,8,0
2015,25,78,0
2018,2,2,0
2013,5,5,0
2019,31,45,0
2018,56,156,0
2020,4,4,0
2017,42,528,2
2019,98,118,2
2018,7,10,0
2014,19,31,0
2020,17,17,0
2020,0,0,0
2014,12,14,0
2019,14,18,2
2020,2,2,0
2016,13,29,2
2018,7,9,0
2020,4,4,0
2020,9,9,2
2018,31,135,0
2020,22,22,2
2020,14,14,2
2015,15,31,0
2020,0,0,0
2020,37,37,0
2020,9,9,0
2020,69,69,2
2020,4,4,0
2018,121,143,0
2017,5,5,2
2018,15,17,0
2020,5,5,2
2014,10,32,2
2018,48,81,2
2017,10,19,0
2017,41,146,0
2018,13,14,1
2017,21,34,0
2014,2,2,0
2020,1,1,2
2017,12,31,0
2019,5,5,2
2018,7,7,0
2020,74,74,0
2018,21,33,2
2019,16,19,0
2018,4,13,2
2017,32,48,0
2020,43,43,0
2020,52,52,0
2018,66,164,0
2019,3,3,0
2020,12,12,0
2020,8,8,2
2019,0,0,1
2018,7,7,1
2020,3,3,0
2018,18,20,0
2019,77,77,0
2019,14,23,0
2020,510,813,2
2013,8,23,0
2020,1,1,2
2019,45,45,0
2018,30,38,0
2019,23,23,0
2013,9,20,2
2019,29,38,0
2019,6,6,0
2020,1,1,0
2019,11,11,0
2019,28,37,2
2020,19,27,2
2015,249,1243,0
2016,4,4,0
2018,46,65,0
2016,7,11,2
2018,10,12,0
2016,20,33,0
2015,17,74,0
2020,29,47,2
2016,8,13,0
2018,5,5,2
2017,8,20,0
2020,23,23,0
2017,11,13,0
2020,7,7,0
2017,39,177,2
2020,0,0,0
2019,7,7,2
2018,0,0,0
2014,10,19,0
2017,5,8,0
2018,0,0,0
2020,54,54,1
2017,32,46,0
2020,9,9,0
2015,31,41,2
2020,28,28,0
2020,15,15,2
2018,6,9,0
2020,28,27,0
2015,24,139,0
2020,28,28,0
2018,3,3,0
2018,7,11,0
2018,23,26,0
2018,39,45,1
2015,3,5,2
2020,15,15,0
2018,17,37,2
2016,7,14,0
2018,16,17,2
2014,22,102,0
2018,7,7,0
2014,24,93,0
2017,37,57,0
2018,2,2,0
2014,24,110,0
2020,6,6,0
2020,12,12,0
2017,33,119,0
2014,9,37,2
2020,17,17,0
2017,5,6,0
2020,5,5,0
2020,8,8,0
2018,4,4,2
2020,9,9,2
2017,11,20,2
2013,0,0,1
2018,5,5,0
2020,40,40,0
2015,1,1,0
2016,20,54,0
2019,20,43,2
2013,8,32,0
2015,5,8,0
2018,6,7,0
2020,9,9,0
2018,28,35,2
2019,39,39,0
2020,13,13,2
2020,10,10,2
2019,3,3,0
2020,11,11,0
2020,7,7,0
2020,26,26,0
2013,9,27,0
2019,12,23,0
2018,10,22,0
2013,38,271,0
2019,30,30,0
2018,27,37,0
2019,22,29,2
2018,33,56,2
2020,11,11,0
2013,11,18,0
2019,7,7,0
2019,4,10,0
2013,9,83,0
2018,52,90,2
2019,69,126,2
2019,58,90,0
2018,38,49,0
2019,3,3,2
2020,10,11,0
2018,56,89,0
2019,21,21,0
2012,6,10,0
2014,32,71,0
2018,83,101,0
2019,35,35,1
2014,2,2,0
2020,4,4,0
2018,12,28,0
2013,0,0,2
2020,60,60,2
2018,10,12,1
2019,14,21,0
2018,2,2,2
2020,7,7,0
2019,2,2,0
2018,70,98,0
2020,5,5,2
2020,1,1,0
2018,25,31,0
2019,10,10,0
2012,1,1,0
2019,17,18,0
2018,114,196,1
2019,8,26,1
2019,13,13,0
2019,139,175,0
2019,1,1,0
2020,13,13,0
2020,0,0,0
2019,8,8,2
2020,15,15,0
2020,9,9,0
2016,5,7,0
2019,20,29,0
2018,16,17,0
2020,6,6,0
2019,48,73,0
2019,15,16,0
2013,34,78,0
2020,24,24,2
2019,65,114,2
2018,23,41,2
2016,88,282,0
2013,49,1312,0
2019,24,45,0
2020,10,10,0
2019,11,11,1
2020,0,0,0
2014,10,219,0
2018,0,0,0
2020,6,6,0
2018,5,5,0
2017,45,77,0
2020,0,0,1
2014,7,12,0
2020,8,8,0
2017,14,27,0
2015,12,16,1
2020,21,21,0
2016,19,34,0
2015,34,66,0
2016,10,19,0
2018,17,23,2
2020,6,6,0
2016,23,66,0
2020,3,3,2
2020,18,18,0
2020,28,27,0
2020,5,5,2
2018,5,5,0
2016,13,107,1
2017,14,23,0
2014,7,11,0
2017,49,139,0
2019,49,64,0
2020,29,29,1
2014,11,15,0
2020,7,7,0
2020,14,14,0
2019,19,21,2
2017,3,3,0
2014,4,18,0
2012,7,20,0
2020,13,13,0
2018,1,1,0
2019,9,9,2
2020,15,15,0
2017,11,13,2
2018,6,6,1
2019,117,117,2
2014,5,6,0
2012,3,3,0
2017,41,56,2
2020,22,23,1
2015,14,25,0
2020,14,14,0
2020,21,56,0
2018,16,46,0
2018,47,66,2
2020,10,10,0
2020,2,2,2
2015,56,233,0
2020,4,4,2
2020,11,11,0
2020,20,20,2
2015,35,70,0
2020,24,65,0
2020,5,5,2
2020,50,50,1
2018,16,18,0
2016,151,1112,2
2020,58,58,0
2017,0,0,1
2018,12,16,2
2020,11,11,0
2017,12,25,0
2019,253,830,0
2020,11,11,0
2017,10,13,0
2018,16,18,0
2020,3,3,0
2019,15,15,0
2017,9,9,0
2020,14,14,0
2018,11,17,0
2019,17,17,1
2020,6,6,0
2015,24,37,0
2020,1,1,0
2013,11,30,0
2020,0,0,0
2018,5,6,0
2019,41,41,2
2015,20,47,0
2019,2,2,2
2020,61,61,2
2019,0,0,2
2019,1,1,0
2019,4,7,0
2012,59,199,0
2020,3,3,0
2019,18,34,0
2012,6,8,0
2020,9,9,2
2020,5,5,2
2018,5,10,0
2018,6,6,0
2018,0,0,2
2020,20,20,0
2015,16,42,0
2018,17,20,2
2017,26,58,0
2014,49,182,0
2014,4,6,2
2020,24,24,0
2020,12,12,0
2014,4,4,0
2017,172,541,1
2020,6,6,1
2014,6,11,0
2018,48,55,0
2019,28,44,0
2020,47,47,0
2020,9,9,0
2017,7,7,2
2020,68,67,0
2017,25,171,2
2019,6,6,0
2020,76,75,2
2013,3,6,0
2020,9,9,0
2018,31,42,2
2018,12,15,2
2015,28,227,0
2018,22,82,2
2013,4,8,1
2015,5,10,0
2020,9,9,2
2019,7,8,0
2020,82,82,2
2020,22,22,2
2019,3,3,0
2018,31,46,0
2018,24,28,2
2013,11,16,0
2019,13,13,0
2019,24,24,0
2013,5,8,2
2020,4,4,0
2013,21,50,0
2018,12,53,2
2013,7,15,0
2019,11,11,0
2018,87,105,0
2019,12,12,2
2019,20,27,2
2020,116,193,2
2019,6,6,0
2018,12,61,2
2019,9,20,0
2019,0,0,0
2018,77,112,0
2019,12,12,2
2020,26,48,1
2012,18,42,0
2018,1,1,1
2014,4,34,0
2017,12,23,2
2019,140,423,0
2012,8,34,0
2019,128,197,2
2017,24,78,0
2020,21,21,0
2014,22,41,0
2018,22,35,0
2012,35,68,2
2014,8,19,0
2019,22,22,2
2018,15,23,0
2020,8,8,1
2018,3,3,2
2012,11,13,0
2014,5,12,0
2019,1,1,0
2018,16,28,0
2019,190,439,0
2018,22,26,0
2018,20,22,1
2020,2,2,0
2020,4,4,0
2020,27,27,0
2020,3,3,0
2020,3,3,0
2020,12,12,1
2020,144,144,0
2019,1,1,0
2018,28,36,2
2013,26,82,0
2020,9,9,0
2020,31,31,0
2019,16,16,0
2019,11,11,0
2013,12,14,1
2018,103,245,0
2019,14,19,0
2020,43,43,0
2020,17,17,0
2019,99,199,0
2020,7,7,0
2017,23,27,0
2019,29,29,2
2019,21,29,0
2020,20,20,0
2017,21,39,0
2016,22,28,0
2019,42,42,0
2016,22,40,0
2013,6,14,0
2015,12,25,0
2019,41,41,0
2016,8,8,0
2013,13,26,0
2015,17,21,0
2020,2,2,0
2016,1,1,0
2020,9,9,0
2020,34,35,0
2017,235,368,0
2014,8,13,0
2020,4,4,2
2020,11,11,0
2017,52,75,0
2020,3,3,0
2020,19,43,0
2014,8,16,0
2020,46,46,1
2015,6,9,2
2020,32,32,0
2018,16,28,0
2020,45,45,0
2018,5,5,1
2015,13,41,0
2015,3,5,0
2016,8,9,0
2020,3,3,2
2015,7,13,0
2017,14,28,0
2018,7,7,0
2020,6,6,0
2014,7,28,0
2018,4,6,0
2020,1,1,0
2020,4,4,2
2017,28,259,0
2014,12,42,0
2020,0,0,0
2018,18,45,0
2020,5,5,0
2020,11,11,2
2019,23,24,0
2020,2,2,0
2014,9,17,2
2017,13,16,0
2019,0,0,2
2017,18,26,1
2020,7,7,2
2020,15,15,2
2017,30,39,2
2014,57,344,0
2018,7,7,0
2020,22,22,0
2016,11,13,1
2020,22,45,2
2015,12,30,2
2020,12,12,0
2018,5,9,0
2016,2,2,0
2020,8,8,0
2020,27,27,2
2018,6,7,0
2020,41,41,0
2020,20,20,1
2012,9,30,0
2019,86,128,2
2012,34,119,0
2019,9,10,2
2020,10,10,0
2019,14,18,0
2018,7,7,0
2019,0,0,0
2020,41,558,2
2018,21,33,0
2020,20,40,2
2013,10,14,2
2019,22,23,0
2018,61,131,0
2020,17,25,2
2018,124,307,0
2013,7,21,2
2019,44,71,2
2019,2,2,0
2020,4,4,2
2016,33,98,0
2019,27,41,2
2018,47,61,0
2019,9,11,0
2019,26,26,2
2019,6,6,2
2016,9,11,2
2020,21,21,0
2020,1,1,0
2019,16,21,0
2020,4,4,0
2019,10,13,2
2019,0,0,0
2020,3,3,0
2019,2,2,0
2020,12,12,0
2019,12,14,2
2019,7,7,0
2019,9,9,2
2013,27,90,0
2020,9,9,0
2015,4,5,2
2018,0,0,0
2019,5,5,1
2020,14,14,0
2013,17,34,0
2020,1,1,0
2015,11,35,0
2020,21,21,2
2020,21,21,0
2020,5,5,2
2018,23,46,2
2019,5,5,0
2018,12,12,0
2018,28,39,0
2018,7,7,0
2019,15,15,2
2020,4,4,0
2020,5,5,0
2012,9,21,0
2019,113,225,1
2018,35,63,0
2019,21,21,2
2019,5,5,0
2018,51,73,2
2020,1,1,0
2012,5,6,0
2016,7,8,0
2020,6,6,0
2015,8,12,2
2020,1,1,0
2016,167,332,0
2020,44,44,0
2015,41,101,2
2018,2,2,0
2017,20,31,0
2020,13,13,0
2019,7,7,0
2012,20,172,0
2014,4,9,1
2020,36,36,2
2017,12,13,2
2020,8,8,2
2012,3,5,2
2014,14,194,2
2019,24,33,2
2018,4,6,0
2019,29,57,2
2020,0,0,0
2020,5,5,0
2019,8,8,0
2017,426,1194,0
2020,0,0,0
2020,23,23,0
2017,0,0,0
2018,5,5,0
2020,8,8,0
2015,10,14,0
2020,0,0,0
2020,13,27,0
2016,40,127,0
2016,49,115,2
2015,43,312,0
2020,7,7,0
2020,475,1014,0
2015,2,2,2
2013,5,11,0
2020,17,17,0
2019,14,23,1
2018,40,66,0
2013,10,24,0
2020,14,14,1
2018,9,23,0
2018,45,55,2
2018,58,65,2
2013,34,633,1
2018,0,0,2
2020,32,32,0
2020,8,8,0
2020,18,18,2
2019,57,78,0
2019,9,12,2
2020,32,32,2
2017,90,181,0
2019,3,7,0
2014,5,13,0
2018,6,6,0
2012,12,28,0
2019,2,2,0
2012,23,84,0
2018,0,0,0
2018,10,53,0
2019,22,33,0
2020,47,69,0
2019,7,9,1
2019,13,13,0
2019,10,10,1
2020,5,5,0
2018,16,17,0
2019,33,33,0
2014,13,85,0
2020,14,20,0
2018,8,8,0
2014,28,186,0
2017,4,5,0
2020,71,71,1
2020,17,17,2
2014,13,57,0
2017,32,163,0
2018,1,1,0
2014,4,9,0
2015,99,353,2
2020,82,82,2
2016,10,20,0
2018,4,5,2
2013,8,25,0
2015,4,4,0
2018,9,11,0
2013,23,40,0
2018,3,4,2
2018,2,2,0
2020,3,3,0
2016,62,92,2
2017,12,12,0
2020,4,4,0
2017,16,30,0
2020,24,24,0
2019,6,6,0
2020,6,6,0
2017,4,4,0
2020,37,37,0
2020,16,16,0
2020,23,23,2
2020,14,14,0
2015,3,5,0
2016,5,9,0
2016,36,86,0
2019,3,3,0
2016,15,32,0
2015,17,32,0
2020,35,35,2
2013,12,34,0
2019,20,20,2
2016,5,8,0
2018,18,29,2
2015,8,8,0
2020,17,17,0
2020,27,27,0
2017,0,0,1
2020,83,151,0
2015,21,37,0
2018,20,23,0
2020,21,21,1
2020,3,3,0
2017,36,81,2
2020,33,33,1
2020,70,70,2
2014,8,12,2
2017,21,27,0
2019,20,20,2
2020,3,3,0
2019,15,24,0
2018,76,92,0
2019,103,311,1
2018,5,10,0
2020,23,23,2
2020,4,4,2
2020,16,16,2
2018,15,20,2
2014,3,6,0
2020,113,243,0
2012,9,17,2
2018,27,45,2
2020,3,3,0
2018,16,19,0
2018,9,9,0
2014,5,5,0
2012,4,6,0
2017,127,292,0
2019,39,39,0
2019,11,11,0
2020,81,81,0
2020,6,6,0
2019,20,20,2
2017,3,3,0
2020,7,7,1
2019,14,14,2
2019,11,28,2
2019,39,49,0
2020,9,9,1
2020,1,1,0
2013,9,9,1
2020,21,21,0
2020,2,2,1
2018,12,13,0
2019,3,3,2
2019,43,64,2
2019,18,18,2
2019,6,7,0
2019,36,36,1
2019,3,3,0
2020,89,89,0
2015,12,55,0
2020,5,5,2
2020,38,214,1
2018,78,189,2
2019,32,32,2
2013,9,27,0
2018,11,13,0
2016,14,29,0
2020,50,51,2
2020,4,4,2
2015,35,84,0
2019,4,4,0
2013,15,34,0
2019,3,3,0
2018,13,14,2
2020,1,1,0
2018,11,12,0
2020,38,66,0
2015,6,44,0
2020,9,9,2
2018,4,4,0
2019,31,37,0
2018,9,10,0
2015,2,2,0
2020,1,1,0
2020,26,40,0
2019,50,50,0
2018,6,6,0
2019,5,5,0
2019,9,9,0
2019,19,19,2
2012,7,14,0
2019,2,2,0
2019,10,12,0
2018,37,56,2
2020,3,3,1
2012,17,23,0
2020,6,6,0
2020,8,7,0
2019,2,2,1
2020,28,28,0
2016,3,3,0
2018,13,13,0
2016,53,120,1
2020,97,97,0
2014,33,287,0
2017,31,44,0
2019,33,33,2
2019,30,30,2
2017,18,44,0
2012,7,19,0
2018,11,15,0
2020,13,13,2
2018,11,14,0
2018,21,22,0
2020,3,3,0
2015,55,147,0
2020,7,7,0
2016,25,41,2
2020,16,16,2
2018,0,0,0
2020,9,9,2
2020,23,23,0
2015,38,67,0
2020,3,3,0
2020,41,41,0
2016,40,286,0
2015,7,16,0
2020,21,21,1
2018,6,6,0
2020,35,35,0
2020,7,7,0
2016,120,243,2
2020,7,7,0
2015,8,11,0
2016,22,92,2
2020,15,15,0
2018,6,17,0
2020,2,2,0
2020,9,9,1
2014,8,10,0
2019,1,16,0
2018,0,0,2
2017,4,5,0
2019,20,20,0
2020,3,3,2
2020,13,13,0
2018,14,15,0
2019,10,12,0
2017,14,23,0
2014,15,139,0
2017,44,109,2
2018,16,17,0
2020,69,68,0
2014,1,1,2
2017,32,417,0
2018,42,47,2
2014,114,334,0
2020,36,36,1
2017,40,78,0
2018,11,42,0
2018,35,63,0
2018,25,31,0
2017,790,1668,2
2020,0,0,2
2020,8,8,0
2020,7,7,1
2020,2,2,0
2020,0,10,2
2018,23,40,2
2019,42,75,2
2012,13,39,0
2020,3,3,2
2020,9,9,0
2012,30,121,2
2019,3,3,2
2020,8,8,0
2018,19,20,2
2019,36,36,0
2018,90,586,0
2018,12,14,0
2019,7,9,0
2020,6,6,1
2019,3,3,2
2018,5,5,1
2018,26,30,1
2013,7,9,0
2018,1,1,0
2020,52,92,2
2018,8,15,0
2013,5,7,2
2015,13,90,0
2020,25,25,2
2019,31,46,2
2019,10,10,0
2019,3,3,2
2020,8,8,0
2019,4,4,0
2020,1,1,0
2020,2,2,0
2020,4,4,0
2020,2,2,1
2017,35,66,0
2019,2,2,1
2020,16,16,0
2020,9,9,0
2020,1,1,0
2020,14,14,0
2018,32,44,0
2018,12,13,0
2016,22,52,2
2015,115,606,2
2018,5,5,2
2018,7,9,2
2016,24,79,0
2015,234,6417,0
2020,4,4,0
2020,15,15,0
2015,5,8,0
2018,1,1,1
2015,81,221,0
2020,11,11,0
2017,26,64,0
2014,2,2,2
2018,42,54,0
2017,63,114,2
2020,16,16,0
2018,0,0,0
2020,5,5,0
2014,8,23,2
2020,6,6,0
2018,23,59,0
2020,3,3,0
2019,62,74,1
2020,25,151,2
2018,15,19,0
2018,14,16,2
2020,3,3,0
2018,5,5,0
2017,23,61,2
2019,13,13,2
2020,16,18,0
2019,77,213,0
2018,23,26,0
2017,4,6,0
2019,6,6,0
2019,11,18,0
2019,58,78,0
2013,18,105,2
2020,19,19,0
2018,16,29,0
2019,75,96,1
2019,3,3,0
2013,3,3,1
2019,6,6,0
2018,3,3,0
2019,17,17,2
2020,26,26,2
2019,12,16,0
2018,13,48,0
2013,9,29,0
2020,2,2,1
2019,7,10,2
2018,15,15,0
2020,12,12,2
2018,13,19,0
2019,133,181,2
2013,4,11,1
2020,32,32,0
2018,83,94,2
2019,0,0,0
2020,10,10,2
2014,18,60,0
2012,11,20,0
2019,1,1,0
2018,92,118,0
2019,3,3,0
2014,77,351,0
2012,88,408,0
2018,18,23,2
2019,6,6,0
2019,15,15,2
2020,20,20,0
2018,38,78,0
2019,18,18,2
2019,4,5,2
2018,77,125,2
2020,0,0,0
2020,2,2,0
2014,17,25,0
2014,37,98,0
2017,11,12,0
2020,16,16,2
2014,7,8,2
2016,25,110,0
2018,71,128,2
2018,10,14,2
2020,9,9,2
2020,36,36,2
2015,27,98,0
2018,13,14,2
2018,13,25,0
2016,16,20,0
2020,18,18,2
2015,6,66,2
2020,10,10,0
2018,6,8,1
2016,68,192,0
2019,13,13,2
2018,12,15,2
2015,33,88,0
2013,27,151,0
2018,8,21,2
2019,15,15,0
2018,12,15,0
2015,35,72,1
2018,39,159,2
2013,31,103,0
2020,11,11,2
2017,13,32,0
2020,58,58,0
2018,7,7,0
2017,1,1,0
2020,7,7,2
2020,33,33,0
2020,27,27,0
2015,14,142,0
2018,4,4,0
2016,11,14,0
2018,9,10,0
2018,2,2,2
2020,4,4,1
2015,3,7,0
2020,4,4,0
2020,8,8,0
2020,18,17,0
2017,19,31,0
2020,9,9,0
2014,21,49,0
2017,2,2,0
2018,15,21,2
2017,7,10,1
2020,3,3,2
2020,121,120,2
2017,46,134,0
2018,17,24,0
2014,3,6,2
2020,0,0,0
2017,12,24,0
2020,18,18,2
2017,8,50,0
2020,74,73,0
2016,48,111,0
2018,31,46,0
2018,23,37,1
2020,8,8,0
2019,5,39,0
2020,10,10,1
2015,8,16,0
2018,19,24,0
2016,10,46,0
2015,20,156,0
2020,0,0,0
2019,21,21,0
2019,7,9,0
2020,0,0,1
2019,71,71,2
2013,2,2,2
2019,85,119,0
2020,0,0,0
2019,56,92,2
2019,22,30,2
2013,55,224,2
2019,5,5,0
2018,91,167,0
2020,4,4,0
2019,28,28,1
2018,16,64,0
2020,18,36,0
2018,22,39,0
2018,6,7,0
2019,5,5,0
2020,1,1,2
2020,12,12,2
2018,46,76,0
2020,11,11,2
2017,73,175,0
2018,7,11,2
2019,46,46,0
2020,32,32,0
2020,0,0,0
2018,3,3,0
2018,41,49,2
2017,6,15,0
2014,8,37,0
2012,23,33,0
2019,2,2,0
2012,8,13,0
2019,9,9,0
2018,37,56,2
2020,2,2,0
2019,5,5,1
2014,21,34,2
2012,24,75,1
2019,38,57,0
2018,6,6,0
2012,15,152,0
2018,29,49,0
2020,3,3,0
2020,20,20,2
2018,31,41,2
2019,9,9,0
2013,11,35,0
2018,21,26,0
2020,32,55,0
2013,2,2,0
2019,17,19,2
2018,9,9,2
2019,15,15,0
2020,4,4,0
2018,10,12,0
2019,64,90,2
2020,61,61,0
2020,38,38,2
2019,35,35,0
2020,0,0,1
2020,39,40,0
2019,43,54,2
2015,7,12,2
2020,24,24,0
2016,36,123,0
2019,41,48,0
2020,15,15,0
2015,5,16,0
2013,7,23,0
2019,60,60,0
2016,3,4,0
2020,56,56,0
2015,6,6,0
2013,8,29,0
2017,64,94,0
2014,16,30,0
2020,16,16,0
2017,4,7,0
2018,3,3,0
2020,24,24,0
2017,8,9,0
2020,12,13,0
2014,13,38,0
2017,66,99,0
2020,17,17,2
2014,13,55,0
2018,3,4,2
2016,25,74,2
2018,8,9,0
2018,192,292,0
2020,9,9,2
2020,17,17,0
2015,28,85,0
2018,0,0,0
2018,7,7,0
2016,10,11,0
2020,9,9,0
2015,5,7,0
2020,14,14,0
2018,4,7,2
2018,25,38,0
2020,3,3,0
2020,83,202,0
2020,96,96,0
2015,48,71,0
2020,6,6,0
2018,2,2,0
2019,70,71,0
2019,49,61,0
2020,0,0,0
2012,10,56,0
2020,5,5,0
2020,19,20,0
2018,17,39,0
2019,36,36,0
2012,13,56,0
2019,36,49,2
2019,17,23,0
2013,2,2,1
2020,0,0,0
2016,111,261,0
2019,4,4,2
2013,77,309,0
2019,3,3,0
2018,34,60,0
2016,25,40,0
2013,13,20,2
2020,2,2,2
2020,9,9,1
2018,40,90,2
2013,5,10,0
2020,1,1,0
2018,12,13,0
2020,7,7,0
2017,152,405,0
2020,8,8,0
2018,12,15,0
2020,0,0,0
2020,14,14,0
2017,28,62,0
2020,30,30,2
2018,29,34,0
2015,12,16,0
2018,2,2,0
2020,14,14,0
2016,12,21,2
2018,9,9,2
2020,14,14,0
2015,45,87,2
2018,9,10,0
2020,38,83,0
2016,1,1,0
2020,26,27,0
2020,2,2,1
2020,223,223,2
2020,39,39,0
2014,11,20,0
2014,6,9,0
2017,19,47,0
2018,8,10,2
2020,9,9,0
2014,38,79,2
2020,78,78,0
2019,33,47,0
2017,12,22,0
2018,31,46,0
2014,38,55,0
2018,19,46,2
2020,37,37,2
2020,6,6,2
2014,32,174,2
2018,18,32,0
2018,41,50,0
2014,5,6,0
2020,24,32,2
2018,26,31,0
2018,98,150,0
2017,44,76,2
2020,5,5,0
2020,1,1,0
2020,0,0,2
2020,12,12,2
2020,5,11,0
2015,8,13,0
2020,7,7,2
2020,16,16,0
2015,12,28,0
2020,3,3,0
2016,22,46,0
2018,1,1,0
2020,2,2,0
2016,12,14,0
2016,11,34,0
2016,11,27,2
2020,0,0,0
2018,13,15,0
2020,10,10,0
2020,5,5,0
2017,2,2,0
2019,20,30,0
2020,12,12,0
2020,200,198,2
2019,28,28,0
2017,35,74,0
2019,5,5,0
2018,17,19,0
2019,259,1214,0
2020,27,27,0
2013,12,40,0
2020,20,45,1
2015,6,9,0
2020,2,2,1
2018,17,25,2
2019,2,2,0
2019,2,2,0
2013,15,53,2
2018,5,5,0
2015,15,33,0
2020,11,11,0
2016,27,50,2
2019,76,116,2
2020,19,19,2
2019,8,8,2
2020,18,18,0
2019,1,1,0
2019,4,4,0
2019,18,18,2
2020,19,19,2
2019,26,26,0
2020,1,1,0
2019,4,4,2
2012,21,56,0
2018,45,65,0
2019,23,29,2
2018,32,46,0
2020,9,9,0
2018,46,86,2
2019,64,65,1
2012,3,6,1
2020,4,4,2
2019,0,0,0
2019,6,6,0
2018,10,13,0
2018,13,17,0
2019,22,35,0
2018,17,27,0
2019,61,86,0
2020,37,37,0
2017,2,2,0
2019,21,27,1
2012,11,49,0
2019,12,13,0
2012,16,43,0
2017,66,111,0
2012,3,3,0
2020,44,44,0
2019,60,111,2
2018,1,1,2
2019,1,1,0
2020,8,8,0
2019,7,7,0
2020,9,14,0
2019,14,20,0
2019,1,1,0
2019,16,16,0
2018,15,20,0
2019,32,32,0
2019,4,4,0
2013,8,23,0
2018,13,13,2
2019,115,357,2
2020,5,5,0
2013,10,22,2
2020,20,20,2
2020,0,0,0
2019,22,57,2
2019,17,17,0
2020,1,1,0
2020,73,73,0
2015,17,35,0
2018,5,7,0
2016,13,20,0
2018,39,84,0
2020,1,1,0
2015,5,21,0
2020,28,28,0
2018,37,44,0
2020,45,45,2
2020,17,17,2
2018,5,5,0
2015,5,6,0
2018,11,11,2
2016,27,51,0
2020,5,5,2
2020,15,15,0
2019,4,4,2
2020,15,15,0
2014,14,56,0
2020,27,27,0
2020,1,1,0
2020,4,4,1
2017,11,17,0
2018,69,125,0
2020,46,46,0
2014,7,10,0
2017,17,31,0
2020,71,71,2
2020,20,20,0
2015,3,198,0
2016,4,5,0
2018,3,3,0
2016,11,21,0
2020,31,31,0
2018,24,33,1
2018,11,18,0
2018,3,3,2
2018,24,37,0
2017,25,44,2
2014,13,29,0
2020,11,11,0
2017,5,9,0
2020,36,36,2
2014,2,2,0
2017,235,668,0
2020,11,11,2
2018,3,3,0
2020,33,33,2
2015,8,63,0
2013,6,10,0
2016,22,41,0
2019,14,14,0
2015,15,40,0
2020,2,2,0
2013,13,36,0
2019,21,26,0
2016,4,12,2
2017,13,43,0
2019,4,5,2
2020,2,2,0
2020,3,3,2
2019,6,6,1
2017,6,6,2
2020,11,11,0
2019,15,15,0
2018,20,43,0
2020,5,5,0
2019,1,1,0
2019,26,64,2
2013,6,64,2
2019,12,17,0
2020,42,42,0
2020,13,13,2
2019,31,39,0
2018,21,21,2
2013,9,67,0
2019,2,2,0
2020,168,325,0
2020,23,23,0
2018,27,37,0
2019,23,23,1
2020,22,22,0
2020,26,26,2
2020,6,6,2
2018,11,11,0
2018,203,303,0
2019,2,2,0
2020,20,20,2
2018,22,26,1
2020,28,28,0
2020,0,0,2
2018,8,8,0
2019,56,89,0
2014,3,4,0
2012,4,14,0
2017,66,166,1
2018,6,6,0
2020,12,12,0
2019,6,6,0
2017,58,152,0
2014,16,62,1
2012,5,12,2
2020,15,15,2
2020,17,17,0
2017,25,52,2
2019,5,5,0
2020,7,7,0
2014,0,24910,0
2019,30,40,2
2017,0,0,0
2020,12,12,0
2018,18,44,0
2020,3,3,0
2014,13,25,2
2018,16,17,0
2020,13,14,2
2020,102,102,2
2016,5,8,0
2020,9,9,2
2020,2,2,2
2015,6,7,0
2018,22,23,0
2016,6,9,0
2020,38,38,0
2018,16,22,0
2020,13,13,2
2020,20,36,0
2015,18,40,0
2016,15,35,2
2020,3,3,0
2015,22,44,0
2020,18,18,2
2016,0,0,0
2015,11,32,0
2020,1,1,0
2016,18,63,0
2017,13,28,0
2018,22,28,2
2018,8,10,1
2019,21,27,2
2020,18,19,0
2014,5,6,0
2020,10,10,0
2017,8,10,0
2014,17,102,0
2020,45,45,0
2019,12,12,0
2013,3,3,0
2018,49,160,0
2019,10,12,2
2013,40,92,0
2018,8,8,2
2019,13,13,2
2016,73,151,0
2020,9,9,0
2019,1,1,0
2019,25,25,2
2019,24,35,1
2019,6,6,0
2020,20,20,0
2019,7,8,2
2012,46,105,2
2018,33,38,0
2020,3,3,0
2012,37,210,0
2019,10,10,2
2018,10,25,2
2019,3,3,2
2020,24,24,0
2018,8,9,0
2018,8,8,0
2018,8,15,0
2019,6,6,0
2018,64,97,0
2019,3,3,0
2019,15,15,0
2020,16,16,2
2018,4,17,0
2019,15,15,0
2019,0,0,2
2018,13,29,2
2019,7,7,0
2019,11,12,0
2019,13,13,0
2019,4,4,0
2019,3,3,0
2018,56,74,0
2013,20,48,0
2020,5,5,1
2015,11,34,0
2020,12,12,0
2019,28,28,0
2013,15,32,0
2020,8,8,0
2015,5,8,0
2020,4,4,2
2018,120,513,0
2013,15,30,0
2019,38,52,0
2018,11,15,0
2017,33,56,0
2019,42,61,0
2020,12,12,2
2017,21,36,0
2019,25,39,0
2020,8,8,0
2017,6,7,0
2020,77,77,0
2015,6,7,0
2020,43,43,0
2018,2,2,2
2016,13,33,0
2020,3,3,0
2018,14,15,0
2020,11,11,0
2016,14,37,0
2020,14,14,0
2015,7,10,0
2020,82,120,2
2016,81,279,0
2020,73,73,0
2015,0,0,1
2018,9,12,0
2017,11,18,0
2020,34,34,0
2018,8,25,0
2020,20,20,1
2012,13,25,2
2020,15,15,0
2014,0,0,1
2020,21,21,1
2012,19,68,2
2014,3,327,0
2019,3,3,2
2020,4,4,0
2020,0,0,0
2019,21,30,0
2020,4,4,0
2020,27,27,0
2018,4,4,0
2020,118,228,2
2016,21,36,0
2020,18,18,0
2015,24,35,0
2020,4,4,0
2018,13,17,0
2016,12,24,0
2018,8,16,0
2018,8,13,0
2020,8,8,0
2015,5,7,0
2020,0,0,1
2018,3,3,0
2016,5,5,0
2018,15,20,0
2015,3,7,0
2020,45,45,0
2016,53,91,0
2020,38,38,2
2014,30,83,0
2020,37,37,0
2020,42,42,0
2017,17,36,0
2014,4,13,0
2019,17,17,0
2019,9,9,1
2018,12,16,2
2019,6,6,0
2020,9,9,0
2018,9,9,0
2020,68,67,0
2019,1,1,0
2020,24,24,0
2019,1,1,0
2012,6,159,0
2019,30,41,0
2018,14,27,0
2020,3,3,2
2017,8,8,0
2019,45,53,2
2019,18,18,0
2018,7,7,0
2012,9,33,1
2017,16,18,0
2012,12,53,0
2019,8,8,0
2020,6,6,0
2020,0,0,1
2019,15,15,2
2013,10,25,0
2018,32,47,0
2018,1,1,1
2013,6,14,2
2020,3,3,0
2019,60,60,0
2013,17,44,0
2019,26,26,0
2019,21,21,2
2020,16,16,0
2019,13,13,0
2018,15,20,0
2019,6,6,2
2019,6,6,2
2013,12,18,2
2019,29,42,2
2020,8,8,2
2020,31,31,0
2017,8,14,0
2019,39,47,2
2020,5,5,0
2019,31,31,2
2020,3,3,0
2017,19,35,0
2020,8,8,2
2012,24,84,0
2014,16,24,0
2018,34,40,2
2019,7,10,0
2020,8,8,2
2012,24,72,2
2020,16,16,0
2019,77,109,2
2018,6,6,0
2020,33,33,0
2018,50,91,2
2019,10,18,0
2020,0,0,0
2020,6,6,0
2018,13,21,2
2020,71,70,0
2020,16,16,0
2019,8,8,0
2020,3,3,1
2017,39,63,0
2017,24,34,1
2020,24,24,0
2014,0,0,1
2018,11,20,0
2018,5,5,0
2018,60,146,0
2018,7,10,0
2017,0,0,0
2016,30,46,2
2019,29,29,0
2013,14,71,0
2020,18,19,0
2015,17,97,0
2019,13,14,0
2016,7,10,2
2013,33,160,0
2015,31,67,0
2018,13,15,0
2020,24,24,0
2019,30,30,2
2020,8,8,2
2019,3,3,0
2020,3,3,0
2020,9,9,0
2019,33,38,2
2016,5,5,2
2020,9,14,0
2019,4,4,0
2020,12,12,0
2018,9,11,0
2016,13,57,0
2013,13,50,0
2018,35,47,0
2019,5,5,2
2020,38,38,2
2013,21,37,1
2019,1,1,1
2019,27,40,2
2018,64,179,1
2012,8,12,1
2019,3,3,0
2019,14,16,0
2018,70,79,2
2019,46,46,1
2020,6,6,0
2019,17,18,2
2018,14,21,2
2015,3,3,2
2020,16,16,0
2016,5,6,0
2020,10,10,0
2015,9,17,0
2020,10,10,0
2018,12,14,0
2020,8,8,1
2020,55,55,2
2020,11,11,2
2016,12,16,0
2018,6,6,0
2014,5,6,0
2020,1,1,2
2017,47,114,0
2020,9,9,0
2014,27,39,0
2018,5,6,0
2018,25,55,0
2020,30,38,2
2019,17,24,2
2017,63,578,2
2020,75,132,0
2014,10,29,0
2017,67,137,2
2019,89,90,0
2018,9,17,0
2020,3,3,0
2014,5,6,2
2020,126,126,0
2017,3,3,0
2018,4,4,0
2015,44,74,0
2020,1,1,1
2016,34,94,0
2020,1,1,0
2016,45,201,0
2020,8,8,2
2020,9,9,0
2015,3,4,0
2016,10,18,0
2016,6,14,2
2020,13,13,0
2018,15,100,0
2020,31,31,0
2020,14,14,0
2016,15,26,0
2020,4,4,2
2017,40,53,2
2020,28,61,2
2017,1,1,0
2020,8,8,2
2020,27,27,0
2020,22,22,1
2017,21,48,0
2012,4,4,0
2018,0,0,0
2020,10,10,2
2017,27,102,2
2018,19,25,0
2014,24,40,1
2012,4,18,0
2020,1,1,0
2017,7,8,0
2014,51,116,0
2020,7,7,2
2015,18,54,1
2020,26,25,0
2018,6,8,0
2016,105,1153,1
2020,21,21,1
2015,21,109,1
2020,35,35,0
2016,7,8,2
2019,8,9,2
2019,5,5,0
2019,0,0,0
2018,48,90,0
2018,61,75,2
2020,3,3,0
2019,1,1,0
2018,9,15,1
2018,165,638,0
2018,10,10,0
2020,49,49,0
2013,3,4,0
2019,4,24,2
2018,34,53,0
2020,1,1,0
2015,5,5,1
2013,13,85,2
2019,12,12,0
2018,26,38,0
2020,2,2,0
2013,76,249,1
2018,14,16,2
2020,4,4,0
2020,8,8,2
2020,7,7,0
2013,22,73,0
2020,17,18,0
2019,10,10,0
2019,73,98,0
2020,0,0,0
2019,2,2,0
2019,148,229,0
2019,9,9,0
2019,8,8,0
2019,54,75,2
2018,81,207,2
2020,0,0,2
2013,31,97,0
2020,1,1,2
2019,36,46,2
2018,3,3,0
2013,7,16,0
2019,72,72,2
2019,215,311,0
2019,5,6,2
2020,2,0,0
2019,13,13,0
2017,7,7,2
2018,18,47,0
2019,14,21,0
2018,3,3,0
2020,15,15,0
2018,3,3,1
2020,64,66,0
2020,11,11,0
2020,3,3,1
2018,118,145,2
2020,6,6,2
2019,2,2,0
2018,80,158,2
2018,22,32,2
2018,20,44,2
2018,0,0,0
2014,8,12,0
2017,15,24,0
2020,58,58,2
2020,25,24,1
2014,15,48,0
2018,6,7,0
2017,8,12,2
2020,3,3,0
2020,15,15,0
2018,16,20,2
2020,4,4,0
2015,9,12,0
2020,29,29,0
2016,19,36,0
2015,10,31,0
2020,12,12,0
2018,14,15,0
2018,3,3,0
2018,64,96,0
2015,11,23,0
2019,27,27,2
2018,1,1,1
2018,18,19,0
2020,1,1,0
2015,56,492,0
2020,20,20,0
2018,6,6,0
2016,5,20,0
2019,3,3,2
2017,28,47,0
2020,35,35,2
2017,36,139,2
2020,19,19,0
2018,1,1,2
2020,35,34,0
2017,39,60,0
2020,7,7,2
2017,9,16,0
2013,17,39,0
2020,124,239,0
2015,46,126,0
2019,8,8,0
2015,26,48,0
2020,16,16,0
2013,38,144,0
2015,1,1,0
2020,73,73,2
2015,0,0,0
2019,11,11,0
2020,8,8,2
2015,28,74,2
2020,4,4,0
2018,12,13,2
2018,2,2,0
2016,8,12,0
2018,21,85,0
2015,25,94,0
2020,29,29,2
2020,38,38,0
2016,2,2,0
2018,3,3,0
2014,16,47,0
2020,10,10,0
2020,1,1,0
2018,21,29,1
2020,1,1,0
2017,27,54,0
2014,3,3,0
2020,10,10,2
2017,14,26,0
2018,5,5,0
2020,0,0,0
2020,6,6,0
2020,7,7,0
2018,62,89,2
2019,8,8,0
2018,106,216,2
2012,5,14,2
2019,15,15,0
2020,20,20,0
2012,80,1307,0
2014,2,2,0
2012,4,5,2
2019,12,12,0
2018,62,75,2
2012,9,80,0
2014,7,15,0
2019,10,10,2
2019,4,4,2
2020,23,23,2
2020,79,79,0
2020,0,0,2
2020,4,4,2
2020,76,76,1
2020,8,8,0
2019,2,2,0
2018,25,37,0
2019,7,7,0
2019,25,42,0
2019,22,29,2
2019,11,11,0
2013,12,38,0
2020,17,17,2
2018,69,123,0
2016,17,23,0
2015,8,30,0
2020,67,68,0
2020,10,10,0
2020,44,44,2
2020,14,14,0
2020,0,0,2
2020,1,1,0
2020,7,7,0
2018,7,7,0
2018,13,14,0
2020,13,13,0
2017,13,14,0
2020,4,4,0
2018,5,9,0
2020,5,5,0
2018,6,6,2
2017,24,49,0
2014,50,221,0
2014,47,334,0
2018,7,9,0
2019,13,13,2
2017,20,34,0
2014,6,8,0
2020,6,6,0
2020,11,35,0
2020,14,14,2
2012,49,210,2
2018,12,15,0
2019,21,27,2
2019,0,0,0
2020,6,6,0
2020,2,2,0
2012,22,68,0
2018,24,28,0
2020,14,14,0
2020,1,1,0
2019,4,4,0
2020,2,2,0
2020,1614,3460,1
2015,15,29,0
2020,31,31,2
2018,13,13,2
2019,8,8,0
2018,16,31,0
2013,7,33,2
2016,8,18,0
2019,12,12,0
2018,15,20,2
2020,5,5,0
2013,9,14,0
2020,10,10,0
2013,9,12,0
2019,4,4,0
2018,181,286,0
2020,1,1,0
2020,23,23,0
2013,6,8,0
2019,9,11,2
2016,8,13,0
2019,63,97,0
2020,0,0,0
2019,5,5,0
2019,22,22,0
2020,25,25,0
2019,17,17,2
2019,9,9,0
2020,3,3,2
2019,15,15,0
2020,29,29,2
2019,9,9,0
2020,97,98,0
2015,21,49,1
2013,7,13,0
2016,5,7,0
2020,4,4,0
2019,1,1,1
2018,35,60,2
2019,3,3,2
2016,4,7,0
2015,13,38,0
2020,23,41,0
2013,6,11,2
2018,11,18,0
2019,9,9,0
2019,7,7,0
2018,7,21,2
2019,2,2,0
2020,25,25,2
2019,8,8,0
2018,10,21,0
2012,14,62,0
2019,17,17,2
2018,16,25,0
2019,4,4,0
2012,5,6,0
2020,1,1,0
2018,63,105,0
2020,10,10,0
2019,28,40,0
2020,19,29,0
2015,16,35,0
2020,23,59,0
2020,6,6,0
2020,5,5,0
2015,4,15,2
2020,30,30,0
2020,52,103,0
2018,51,64,0
2018,19,20,0
2020,44,44,0
2014,56,128,2
2018,8,32,0
2018,7,10,0
2017,15,20,0
2018,31,142,0
2014,62,162,1
2020,24,24,0
2020,18,18,0
2017,52,110,2
2019,48,48,0
2020,0,0,0
2020,15,15,0
2020,12,12,2
2019,14,21,0
2020,7,7,0
2020,0,0,0
2016,9,673,0
2018,64,106,0
2020,11,11,0
2016,83,290,0
2015,11,12,0
2020,11,11,0
2016,70,207,2
2020,13,13,0
2015,6,10,0
2016,6,21,0
2020,6,6,0
2020,3,3,0
2020,0,0,0
2020,5,5,0
2019,9,15,0
2019,18,18,0
2020,6,6,0
2018,229,538,1
2020,17,17,0
2020,10,10,2
2019,11,11,2
2019,7,7,1
2018,35,45,2
2019,9,11,2
2012,20,65,0
2019,21,30,0
2018,51,145,1
2014,2,2,0
2012,7,41,2
2020,1,1,0
2019,1,1,0
2019,14,14,0
2020,19,19,0
2020,4,4,0
2020,11,11,2
2017,2,2,0
2019,31,39,0
2020,53,53,0
2019,11,11,2
2017,7,9,0
2013,44,131,2
2019,3,3,0
2020,3,3,0
2018,6,7,0
2019,2,2,0
2018,16,25,0
2019,4,4,0
2020,6,6,0
2020,4,4,0
2020,37,37,0
2018,6,9,2
2016,5,5,0
2019,11,11,2
2015,7,7,0
2020,20,20,2
2020,42,42,2
2015,67,272,0
2019,58,90,2
2016,4,4,0
2013,10,23,0
2020,38,38,0
2018,82,144,1
2018,13,15,0
2018,7,7,0
2018,6,11,0
2018,3,5,2
2017,2,2,0
2014,6,147,0
2020,16,16,0
2020,5,5,0
2017,48,95,0
2020,16,16,2
2020,4,4,0
2014,14,19,2
2017,46,76,0
2017,29,62,0
2014,6,12,0
2020,10,10,0
2020,19,19,2
2014,3,7,0
2017,6,8,0
2018,43,49,0
2018,1,1,2
2015,1,1,0
2020,8,8,2
2018,20,21,0
2018,35,45,0
2018,7,8,0
2016,28,48,2
2020,5,5,0
2018,11,12,0
2015,3,67,0
2019,162,216,2
2018,10,13,0
2016,8,16,0
2018,27,46,2
2019,8,8,1
2015,36,165,0
2020,97,97,2
2018,1,1,1
2020,64,63,0
2020,0,0,1
2020,28,28,2
2019,48,65,0
2013,4,5,0
2018,8,8,2
2019,24,73,0
2018,17,43,0
2013,8,18,0
2020,9,9,2
2019,33,33,1
2018,4,4,0
2020,4,4,2
2020,10,10,1
2019,76,89,1
2020,11,11,0
2012,9,29,2
2018,5,5,2
2019,17,522,0
2018,9,10,0
2019,58,99,0
2017,55,69,0
2018,367,910,0
2019,5,5,0
2020,19,19,0
2019,1,1,0
2018,7,10,0
2018,35,43,2
2019,22,33,2
2018,19,25,0
2019,1,1,2
2020,3,3,0
2015,31,50,0
2020,40,40,0
2018,6,7,0
2020,78,108,2
2018,42,70,0
2020,26,26,0
2016,8,55,0
2020,0,0,0
2012,29,368,2
2020,18,18,2
2018,0,0,0
2020,20,20,0
2018,0,0,0
2012,16,74,0
2020,7,7,0
2014,4,430,0
2017,22,31,0
2020,2,2,0
2017,6,7,2
2017,32,56,2
2019,16,18,2
2020,0,0,0
2020,16,16,2
2017,18,34,2
2019,27,27,2
2017,7,7,0
2015,8,21,0
2020,31,31,0
2016,24,62,0
2020,59,101,0
2015,6,6,2
2020,8,8,0
2018,9,11,0
2016,37,226,0
2019,0,0,2
2019,47,47,0
2020,0,0,0
2019,7,9,0
2019,35,245,0
2019,79,79,2
2019,5,5,0
2019,20,28,0
2020,3,3,1
2020,0,0,0
2018,45,51,0
2019,3,3,2
2013,3,5,0
2020,12,12,0
2015,4,7,0
2020,3,3,0
2016,26,45,2
2018,0,0,2
2019,205,206,0
2019,2,2,0
2020,2,2,0
2013,20,49,0
2015,7,18,0
2020,22,22,0
2018,9,12,2
2015,75,235,0
2020,9,9,2
2019,4,4,2
2018,12,12,0
2015,8,25,0
2018,1,1,2
2018,36,53,0
2020,0,0,1
2020,4,4,0
2019,52,64,2
2018,23,26,2
2018,0,0,2
2020,0,0,0
2018,10,19,2
2012,18,26,2
2018,34,45,2
2019,15,17,1
2019,1,1,1
2019,19,20,0
2012,11,23,0
2020,4,4,0
2018,18,24,0
2019,21,22,0
2018,9,11,2
2019,23,23,0
2019,21,21,1
2016,52,87,2
2019,4,4,2
2018,68,145,2
2013,25,41,0
2020,1,1,2
2018,12,14,1
2013,102,322,0
2013,11,43,2
2020,4,4,0
2019,39,56,2
2018,40,60,2
2016,12,36,0
2020,3,3,0
2019,54,54,2
2018,8,19,0
2019,105,144,0
2020,5,5,0
2020,3,3,0
2019,19,19,0
2020,8,8,0
2020,5,5,0
2020,14,14,2
2015,23,53,0
2020,11,11,0
2016,13,21,2
2020,33,33,0
2018,8,9,0
2020,23,32,0
2015,4,4,0
2016,8,14,2
2020,42,42,2
2014,5,10,0
2018,1,1,0
2018,6,6,2
2017,3,11,0
2018,10,12,0
2017,36,65,0
2014,32,120,0
2020,9,9,0
2017,16,20,0
2020,16,16,2
2020,2,2,0
2014,22,45,2
2017,37,113,0
2020,3,3,2
2014,5,5,2
2014,11,25,0
2017,10,24,0
2018,501,1390,1
2018,38,43,0
2015,87,136,0
2016,18,69,0
2020,4,4,2
2020,5,5,0
2015,9,23,0
2020,26,26,0
2020,2,2,2
2020,15,15,2
2020,30,30,0
2014,5,5,0
2017,10,18,0
2020,16,16,0
2017,18,22,2
2020,12,12,0
2020,6,6,2
2014,12,25,0
2017,24,29,2
2020,13,13,0
2015,10,28,0
2020,58,57,2
2018,52,104,0
2018,4,4,2
2016,7,8,0
2018,13,13,0
2018,14,19,0
2015,13,60,0
2020,24,24,0
2020,7,7,0
2018,16,33,0
2016,8,14,2
2020,19,19,2
2015,16,132,0
2019,2,2,0
2015,44,140,0
2020,6,6,2
2019,4,4,0
2014,9,22,0
2020,30,30,0
2019,13,13,0
2017,28,31,2
2018,2,2,1
2017,31,62,0
2020,0,0,2
2020,5,5,0
2018,10,11,0
2013,12,31,0
2019,6,6,0
2019,12,12,0
2019,2,2,0
2018,80,99,0
2019,4,4,0
2020,33,33,0
2019,22,22,0
2013,5,42,0
2020,69,69,0
2020,7,7,0
2019,20,31,0
2020,3,3,0
2019,25,25,0
2017,31,100,0
2014,19,638,0
2012,6,24,0
2018,37,84,0
2019,6,9,2
2014,22,35,2
2020,5,5,0
2017,8,11,2
2018,19,23,0
2020,17,17,2
2018,11,12,0
2020,16,16,1
2018,11,14,2
2018,43,54,0
2020,7,7,1
2019,4,4,0
2018,2,2,0
2012,17,31,0
2020,39,39,0
2017,25,40,0
2019,14,18,0
2018,68,201,0
2020,22,22,2
2018,6,10,0
2019,5,16,0
2018,16,20,0
2017,62,794,0
2012,16,34,0
2020,11,11,0
2018,5,6,0
2019,31,31,2
2020,3,3,0
2019,8,8,0
2019,6,7,0
2019,36,45,0
2019,5,5,0
2018,2,2,1
2019,57,88,0
2013,49,98,2
2020,4,4,2
2020,8,8,0
2018,7,12,0
2019,23,63,0
2013,14,41,0
2020,50,50,0
2020,4,4,2
2020,7,7,0
2019,1,1,0
2020,9,9,2
2015,5,7,2
2020,13,13,0
2015,26,58,0
2018,3,3,0
2016,39,77,0
2015,7,13,2
2020,18,18,0
2018,5,8,0
2016,11,23,0
2018,8,10,0
2015,20,34,0
2018,3,4,0
2020,13,13,0
2015,57,558,0
2020,33,33,1
2015,7,17,2
2020,6,6,0
2016,20,65,0
2018,5,5,0
2014,29,80,0
2017,35,73,2
2020,10,10,2
2014,10,34,0
2020,14,14,0
2017,13,51,0
2012,46,207,0
2019,18,18,2
2019,16,25,2
2012,10,21,2
2020,24,52,0
2018,9,10,0
2019,45,60,0
2018,65,117,0
2019,15,15,0
2020,6,6,0
2015,4,5,0
2020,5,5,2
2018,57,64,1
2013,37,103,0
2020,7,7,2
2018,31,42,0
2013,29,117,0
2018,3,3,0
2015,14,37,0
2018,30,39,0
2013,22,51,0
2020,55,55,0
2019,11,11,0
2019,9,9,2
2020,25,25,0
2016,33,45,2
2018,52,202,0
2020,11,11,0
2015,22,86,0
2020,16,16,0
2018,9,16,0
2016,14,155,0
2020,13,13,0
2015,4,6,0
2017,101,157,2
2019,8,10,2
2020,52,95,1
2017,34,77,0
2020,7,7,0
2020,4,4,0
2019,4,4,0
2017,26,37,1
2020,68,68,2
2020,36,36,0
2017,45,112,2
2014,6,10,0
2018,141,209,1
2017,13,20,0
2018,15,24,0
2020,1,1,0
2018,4,4,0
2018,13,17,2
2017,115,211,1
2018,17,22,0
2014,15,167,0
2020,13,13,1
2014,18,27,1
2020,17,17,2
2020,11,11,2
2020,8,11,0
2020,4,4,0
2015,21,46,0
2015,19,236,0
2020,23,23,2
2017,20,39,0
2019,48,69,1
2020,1,1,0
2014,9,17,0
2019,8,8,2
2017,95,503,0
2020,3,3,2
2017,11,21,0
2020,38,38,0
2018,6,6,0
2020,1,1,0
2018,2,2,0
2017,4,6,1
2018,12,16,0
2019,25,32,0
2018,6,27,0
2016,0,0,0
2015,4,57,2
2020,19,19,0
2016,44,81,0
2016,24,53,0
2020,11,11,0
2018,5,6,0
2020,18,18,0
2020,4,4,2
2015,18,54,0
2019,74,95,0
2019,57,84,2
2020,0,0,0
2019,44,59,0
2019,6,10,2
2013,10,18,0
2016,6,9,0
2018,96,186,2
2020,69,121,2
2013,6,13,0
2020,3,3,1
2020,6,6,0
2018,31,49,0
2016,31,73,2
2020,7,7,2
2015,41,130,0
2020,69,114,0
2020,3,3,0
2019,34,56,0
2018,9,13,0
2015,20,26,0
2020,14,14,0
2018,16,19,0
2020,6,6,1
2012,12,20,2
2019,0,0,2
2018,54,79,2
2019,11,11,0
2018,125,200,0
2018,3,3,0
2020,24,24,2
2020,118,119,0
2019,64,94,0
2013,16,37,0
2019,149,445,1
2018,32,57,2
2020,5,5,2
2013,7,54,0
2019,1,1,2
2019,10,10,2
2020,10,10,2
2018,18,22,0
2020,23,23,0
2018,28,59,0
2020,2,2,0
2018,2,2,0
2020,18,18,0
2018,9,31,0
2020,15,15,0
2018,243,502,0
2014,6,25,2
2017,7,12,0
2020,0,0,0
2018,39,89,0
2019,28,28,2
2012,9,12,2
2014,1,1,2
2018,3,3,2
2019,11,12,0
2019,0,0,2
2016,67,244,0
2018,75,148,0
2018,4,4,0
2018,2,2,2
2020,23,23,0
2020,20,20,0
2015,6,13,0
2018,3,3,0
2016,15,23,0
2020,101,101,0
2015,1,1,0
2020,13,13,0
2018,10,15,2
2017,80,172,0
2020,20,20,0
2018,6,7,2
2017,8,12,0
2014,7,11,2
2020,4,4,0
2020,6,6,0
2020,7,7,0
2014,1,1,0
2020,7,7,2
2017,34,39,0
2020,8,8,0
2017,3,6,0
2019,5,5,0
2019,46,65,0
2020,117,117,0
2014,45,130,0
2016,12,14,0
2019,10,11,0
2013,15,18,0
2015,17,17,0
2019,14,14,0
2016,14,16,0
2013,5,15,0
2015,29,83,2
2020,12,12,0
2016,0,0,0
2018,19,24,0
2015,15,26,2
2020,7,7,0
2018,12,12,0
2020,5,5,2
2015,22,94,0
2018,41,83,2
2015,5,20,0
2018,30,43,0
2015,59,130,2
2020,2,2,0
2020,2,2,0
2017,3,6,0
2019,1,1,0
2020,4,4,0
2020,19,19,0
2017,12,13,0
2020,12,12,1
2017,21,34,0
2014,10,51,2
2018,3,3,0
2017,8,18,0
2020,49,49,2
2018,1,1,0
2014,17,36,0
2020,2,2,0
2015,3,5,2
2018,7,9,2
2015,5,5,0
2019,30,30,0
2018,2,2,0
2020,11,11,2
2017,8,10,0
2019,8,8,0
2018,4,4,0
2012,5,39,0
2020,61,61,0
2019,20,20,0
2018,3,3,0
2020,48,48,0
2012,9,35,0
2018,92,120,1
2017,10,10,0
2019,3,3,0
2018,26,29,2
2018,55,113,2
2019,6,8,0
2018,47,111,0
2013,8,17,0
2020,22,22,1
2019,118,177,0
2020,4,4,0
2013,5,9,0
2018,5,5,0
2019,83,120,0
2020,0,0,2
2019,15,26,0
2019,33,42,0
2019,9,9,0
2019,11,17,2
2020,3,3,2
2020,27,27,0
2020,1,1,1
2017,27,72,0
2019,24,36,0
2020,50,50,0
2017,36,165,2
2019,19,22,0
2017,66,99,0
2020,1,1,0
2019,185,263,0
2017,11,13,0
2020,36,35,1
2015,3,5,1
2020,15,15,0
2018,9,28,0
2020,9,9,1
2020,12,13,0
2016,9,28,2
2020,1,1,0
2015,27,112,1
2016,18,196,0
2020,41,41,0
2018,23,25,0
2020,32,33,2
2020,41,41,0
2018,132,525,1
2014,15,26,0
2020,2,2,1
2017,13,20,0
2018,53,85,2
2014,10,14,0
2018,49,57,0
2014,1,1,1
2020,1,1,2
2020,1,1,2
2018,4,28,2
2018,25,32,1
2014,0,16946,0
2017,6,10,0
2018,262,570,2
2019,17,17,2
2018,49,53,0
2019,546,907,2
2019,26,35,1
2020,5,5,0
2018,3,3,1
2020,118,118,0
2018,27,36,0
2019,37,55,2
2012,13,66,0
2019,29,32,0
2019,20,45,0
2020,12,12,2
2012,8,16,0
2020,1,1,0
2019,4,4,0
2020,40,68,0
2019,7,7,2
2020,6,6,0
2020,170,170,2
2019,19,21,0
2019,17,17,1
2018,5,6,0
2020,13,13,1
2013,17,40,0
2018,21,24,2
2020,35,35,0
2020,5,5,2
2015,23,81,2
2018,10,10,2
2013,7,19,0
2020,6,6,0
2013,12,16,0
2019,17,17,0
2018,66,81,0
2020,11,11,0
2015,8,9,0
2013,8,9,2
2018,5,9,2
2020,9,9,0
2020,4,4,0
2019,38,48,1
2013,11,49,0
2019,2,2,2
2018,94,211,0
2019,3,3,0
2020,2,2,0
2020,7,7,2
2019,3,3,2
2013,3,3,0
2019,60,93,0
2019,15,19,0
2019,42,59,2
2019,74,113,0
2019,7,7,2
2019,15,15,2
2018,9,10,2
2012,5,28,0
2020,4,4,2
2019,27,27,0
2019,8,8,2
2018,5,13,0
2020,5,6,2
2012,14,35,0
2020,1,1,0
2020,3,3,2
2019,26,26,2
2020,20,20,0
2020,4,4,2
2015,5,6,0
2019,2,2,0
2018,2,2,0
2020,1,1,1
2015,11,65,0
2020,1,1,0
2020,19,19,2
2014,4,4,0
2017,46,73,0
2019,47,59,0
2014,6,6,2
2020,38,38,0
2019,4,4,0
2017,8,9,0
2020,81,81,1
2015,10,44,0
2020,26,26,0
2015,5,20,1
2020,24,24,0
2016,44,82,0
2015,53,495,0
2020,32,31,0
2020,2,2,0
2016,11,22,0
2020,1,1,0
2018,3,3,2
2015,9,10,0
2016,70,372,1
2020,26,26,1
2018,23,40,0
2016,61,178,0
2019,18,24,2
2018,7,7,0
2020,4,4,0
2020,76,77,0
2017,1,1,0
2018,12,12,0
2020,82,82,0
2019,3,3,2
2018,11,28,2
2017,9,20,0
2018,4,4,0
2013,11,28,0
2020,83,83,0
2015,7,9,2
2020,12,12,2
2015,80,322,0
2019,3,3,0
2013,47,249,0
2019,34,34,2
2016,76,1800,0
2015,7,19,0
2020,31,31,0
2020,11,11,0
2014,26,74,0
2020,59,59,0
2017,27,44,0
2020,13,13,0
2020,8,8,1
2020,6,6,0
2014,37,58,0
2017,17,18,0
2018,2,2,0
2018,2,2,2
2017,1,1,0
2018,24,36,0
2018,71,110,1
2018,11,14,0
2018,10,53,0
2020,7,7,0
2019,130,197,0
2019,0,0,2
2019,6,6,0
2018,20,25,0
2019,72,92,2
2014,4,8,0
2020,39,39,0
2019,13,13,0
2020,10,10,1
2018,23,74,2
2018,11,11,1
2020,10,10,0
2020,12,12,0
2020,30,30,0
2018,89,146,0
2020,6,6,0
2019,3,3,2
2013,21,53,0
2020,30,30,0
2020,7,7,0
2018,47,116,0
2019,4,4,0
2013,2,2,2
2017,60,178,0
2019,27,36,2
2020,23,23,0
2019,33,45,0
2017,29,65,0
2020,14,14,2
2019,21,23,0
2019,46,46,2
2020,6,6,0
2020,10,10,0
2019,12,19,0
2018,6,8,0
2013,21,39,0
2019,55,85,2
2019,26,90,0
2020,4,4,0
2019,78,103,0
2019,8,8,2
2020,7,7,2
2019,8,8,0
2018,35,65,2
2019,2,2,0
2020,35,35,1
2019,30,33,1
2018,5,5,0
2018,50,106,2
2019,41,41,0
2017,22,30,0
2012,12,68,0
2019,52,76,0
2017,12,28,0
2012,27,128,0
2018,8,9,0
2018,19,19,2
2020,40,40,1
2018,92,165,2
2018,74,203,0
2015,21,51,0
2018,4,4,2
2020,14,14,0
2020,8,8,0
2018,21,93,1
2017,10,14,2
2017,19,39,0
2017,22,40,0
2020,20,20,0
2014,8,8,0
2017,11,15,0
2020,5,5,2
2019,118,178,2
2020,28,28,2
2020,29,29,1
2019,4,4,2
2019,50,138,1
2020,43,43,0
2015,18,27,0
2016,20,32,0
2018,19,23,0
2018,21,89,0
2015,34,265,2
2019,8,8,0
2018,13,37,0
2018,102,134,2
2016,22,44,0
2018,7,9,1
2016,15,44,0
2020,14,14,0
2015,20,67,1
2013,34,53,0
2018,9,10,2
2020,23,23,2
2015,7,21,0
2020,61,95,1
2013,6,10,1
2016,7,12,2
2020,1,1,0
2020,30,30,0
2018,23,30,0
2019,13,13,0
2020,12,12,0
2019,13,13,2
2019,13,23,0
2020,11,11,0
2019,537,937,2
2019,0,0,2
2019,10,13,0
2019,5,5,0
2019,28,28,0
2019,3,3,0
2018,7,14,0
2019,27,45,0
2018,17,21,0
2020,1,1,0
2018,1,1,0
2019,7,13,2
2018,8,8,2
2018,16,22,2
2015,8,10,0
2020,21,39,1
2018,29,44,1
2019,4,4,0
2018,2,2,0
2018,31,49,2
2020,14,14,0
2015,49,186,0
2017,14,19,0
2020,2,2,0
2018,27,58,0
2014,8,15,0
2012,26,100,0
2020,22,22,0
2017,6,17,0
2014,31,53,0
2012,10,45,0
2018,8,10,1
2020,2,2,0
2016,1,1,2
2015,7,10,0
2020,44,44,0
2020,50,50,2
2016,48,100,0
2015,30,97,0
2018,10,10,0
2016,28,55,2
2015,10,24,2
2016,47,284,2
2016,8,9,0
2020,2,2,0
2016,9,11,0
2020,76,76,0
2015,13,23,0
2019,21,32,0
2017,37,86,0
2019,4,4,0
2020,5,5,0
2020,19,19,0
2017,14,33,0
2018,4,4,0
2020,60,59,1
2014,12,36,0
2020,0,0,0
2018,12,18,0
2017,21,31,0
2020,2,2,0
2014,7,16,2
2018,12,16,0
2016,10,15,0
2015,24,121,2
2018,8,10,0
2020,13,13,0
2016,23,73,0
2020,19,19,2
2015,9,12,0
2020,29,30,0
2020,7,7,0
2016,13,23,2
2020,57,57,0
2020,11,11,0
2018,16,31,0
2020,1,1,0
2020,1,1,2
2020,6,6,1
2018,4,4,0
2020,12,12,0
2020,9,19,0
2015,36,144,0
2014,27,28,0
2020,3,3,0
2017,57,184,2
2019,2,2,0
2014,4,29,0
2020,2,2,0
2018,9,11,2
2019,13,13,1
2017,17,28,0
2014,9,13,2
2014,7,22,2
2020,2,2,0
2019,9,9,2
2019,58,74,0
2019,38,56,2
2019,27,27,0
2019,3,3,0
2018,12,14,0
2020,9,9,0
2012,18,69,1
2020,4,4,1
2019,17,19,0
2012,8,22,0
2019,19,19,0
2020,8,8,0
2019,4,4,0
2020,1,1,0
2018,38,48,0
2019,17,19,2
2020,10,10,0
2019,12,12,0
2020,4,4,0
2020,5,5,1
2019,51,51,2
2020,2,2,0
2013,21,5895,0
2018,7,8,2
2019,5,5,0
2020,3,3,1
2013,28,55,2
2016,104,167,2
2019,32,53,2
2018,17,20,0
2020,7,7,2
2013,60,1452,0
2019,21,21,0
2018,18,29,0
2016,45,375,2
2013,4,10,0
2019,27,27,1
2020,1,1,2
2019,2,2,2
2019,20,24,0
2020,0,0,1
2019,3,3,0
2016,14,27,2
2020,4,4,0
2017,40,62,0
2018,7,9,2
2018,5,5,0
2014,41,118,0
2020,2,2,0
2020,12,12,2
2020,30,30,0
2020,12,12,2
2018,8,9,1
2015,11,18,2
2015,16,46,1
2020,3,3,0
2020,5,5,0
2019,2,2,2
2019,7,7,0
2019,34,34,2
2015,26,62,0
2018,46,64,2
2019,9,9,2
2018,11,11,0
2018,68,119,2
2014,14,79,0
2020,22,22,0
2020,3,3,2
2020,0,0,2
2018,12,12,0
2020,14,14,0
2020,8,8,0
2018,4,4,0
2020,3,3,1
2020,17,17,0
2020,14,14,2
2018,13,20,2
2019,41,41,2
2018,48,197,2
2018,29,34,2
2019,85,123,2
2019,0,0,0
2018,26,34,2
2020,8,8,2
2019,9,9,0
2018,48,108,0
2019,7,7,2
2017,45,177,0
2020,31,31,0
2020,3,3,2
2017,5,6,0
2017,3,8,0
2020,1,1,0
2020,9,9,1
2016,39,65,2
2020,5,5,0
2018,25,35,0
2015,48,137,0
2020,4,4,0
2020,11,11,2
2019,34,47,2
2019,3,3,0
2019,8,8,2
2019,44,98,0
2019,2,2,0
2020,43,43,0
2019,30,39,0
2018,15,20,0
2016,1,1,0
2019,9,11,1
2020,12,12,0
2019,7,7,2
2019,5,5,0
2019,0,0,0
2020,50,50,2
2020,4,4,0
2019,38,70,2
2019,38,38,0
2020,10,10,2
2016,10,11,0
2018,10,12,0
2015,5,10,0
2016,6,9,0
2017,0,0,1
2018,6,6,0
2014,2,2,1
2020,9,9,2
2020,35,35,0
2016,7,15,2
2020,33,33,0
2020,15,15,0
2018,12,26,2
2017,6,24,0
2019,0,0,0
2018,30,41,0
2020,37,37,2
2014,4,4,0
2019,33,33,0
2015,27,48,0
2019,6,6,2
2018,258,610,2
2020,5,5,0
2018,32,34,0
2018,6,6,0
2018,30,38,2
2016,23,44,2
2018,9,14,0
2016,35,236,0
2020,19,19,1
2016,51,193,2
2019,4,4,0
2020,0,0,0
2020,3,3,2
2015,13,20,0
2016,41,81,2
2020,11,11,1
2019,0,0,0
2020,17,17,0
2015,13,40,0
2017,14,25,0
2017,5,12,0
2018,38,61,2
2019,41,57,0
2020,3,3,0
2019,22,22,0
2019,6,6,2
2020,2,2,2
2019,5,5,0
2019,87,145,2
2020,20,20,0
2019,5,5,2
2017,25,45,2
2020,51,81,2
2017,40,88,0
2020,2,2,2
2018,8,11,0
2018,24,58,2
2015,0,0,2
2020,0,0,0
2018,32,49,2
2020,7,7,0
2019,9,9,0
2020,0,0,2
2020,22,22,2
2019,11,11,1
2020,3,3,0
2018,8,8,1
2019,1,1,0
2020,12,12,2
2020,8,8,0
2020,2,2,0
2019,4,4,0
2019,57,57,0
2020,3,3,2
2020,25,25,0
2016,10,28,0
2020,3,3,2
2020,14,14,1
2016,11,37,2
2020,7,7,0
2020,1,1,0
2018,3,3,0
2014,4,5,0
2020,10,10,1
2018,13,20,0
2020,0,0,1
2019,26,26,2
2014,3,5,0
2014,11,19,0
2020,1,1,0
2017,123,400,0
2015,3,5,0
2016,11,22,0
2020,16,16,2
2020,32,32,1
2020,73,73,0
2018,25,41,1
2018,18,27,2
2020,11,11,2
2019,26,39,0
2017,6,8,0
2016,15,28,0
2015,9,17,0
2015,4,10,0
2018,19,22,0
2020,0,0,0
2019,8,8,0
2019,56,64,2
2015,15,20,0
2020,11,11,0
2020,4,4,0
2019,23,23,0
2019,8,8,0
2019,40,52,0
2020,67,67,0
2020,22,22,2
2019,34,67,0
2017,22,41,1
2018,4,4,0
2020,2,2,0
2016,15,215,0
2020,92,207,1
2018,30,55,0
2018,0,0,2
2018,4,4,0
2018,7,9,2
2020,1,1,0
2019,34,37,2
2020,4,4,0
2018,13,19,1
2020,0,0,0
2020,101,177,0
2014,10,20,1
2018,44,50,0
2015,13,26,0
2020,56,104,0
2019,13,18,1
2016,7,7,0
2020,2,2,2
2014,4,7,0
2020,22,22,2
2018,28,35,0
2016,52,610,0
2020,13,13,0
2018,106,175,2
2020,10,10,0
2019,30,38,2
2019,15,15,2
2020,4,4,0
2019,2,2,2
2020,128,287,0
2015,14,18,0
2020,38,38,0
2015,39,75,0
2018,10,17,0
2020,58,58,1
2017,42,59,2
2020,3,3,0
2015,7,684,2
2016,36,129,0
2016,169,495,0
2015,4,4,1
2020,10,10,1
2020,7,7,0
2020,51,88,0
2019,20,21,2
2018,14,16,0
2019,8,8,0
2018,56,108,0
2019,4,4,0
2018,2,2,2
2015,4,9,0
2020,5,5,1
2017,74,278,2
2020,20,20,2
2018,4,4,2
2016,25,43,0
2020,13,13,1
2016,6,6,2
2020,16,32,2
2020,6,6,0
2018,13,47,0
2020,7,200,0
2019,15,15,0
2018,10,11,0
2020,11,11,2
2019,162,197,0
2018,34,41,1
2019,28,28,0
2018,11,28,0
2019,5,5,2
2019,9,9,2
2020,5,5,0
2020,63,63,2
2016,35,110,0
2020,56,56,2
2017,25,54,0
2015,28,61,2
2019,2,2,2
2018,139,397,0
2019,5,5,2
2018,27,51,0
2020,2,2,0
2020,3,3,0
2019,16,22,0
2019,25,31,2
2018,45,75,0
2018,13,19,0
2017,13,17,0
2015,14,18,2
2020,1,1,0
2020,15,15,0
2019,66,90,0
2019,8,8,1
2020,67,67,2
2020,1,1,0
2014,17,30,0
2017,53,74,0
2019,6,6,0
2019,16,16,2
2018,35,47,0
2020,33,33,0
2020,3,3,0
2019,29,36,2
2018,7,7,2
2020,25,25,0
2014,12,61,0
2020,6,29,2
2020,6,6,0
2018,5,5,0
2019,5,5,0
2019,11,11,0
2018,10,14,0
2019,1,1,2
2020,16,16,0
2016,11,16,0
2020,49,49,0
2019,51,100,0
2020,339,341,2
2014,14,21,1
2020,31,31,0
2020,0,0,0
2015,1,1,0
2015,33,47,1
2020,2,2,2
2020,4,4,2
2018,17,37,0
2020,0,0,0
2020,12,12,0
2019,24,24,2
2019,15,15,2
2018,21,29,2
2020,6,6,1
2019,7,7,0
2017,38,82,0
2016,47,80,0
2020,24,24,0
2016,2,2,0
2020,43,43,2
2018,5,6,0
2020,14,14,0
2020,30,30,0
2019,2,2,0
2020,95,95,0
2020,23,23,0
2018,33,45,2
2020,1,1,0
2019,18,29,0
2020,225,225,0
2020,4,4,0
2020,17,17,0
2020,16,16,2
2019,63,63,2
2019,31,31,0
2017,36,79,0
2014,1,1,1
2018,12,12,0
2020,0,0,0
2018,5,7,0
2016,42,134,0
2020,12,12,2
2020,21,21,0
2018,8,18,2
2019,97,97,0
2018,24,28,0
2018,16,41,0
2019,77,99,0
2019,6,444,0
2020,3,3,0
2020,6,6,0
2015,4,9,0
2018,54,74,0
2019,30,30,2
2020,29,29,0
2015,8,20,0
2018,2,2,0
2019,89,111,2
2019,26,31,1
2019,1,1,2
2019,45,55,0
2020,8,8,0
2020,10,11,2
2018,9,10,0
2019,38,38,0
2020,9,9,0
2020,29,29,2
2020,19,19,1
2020,16,16,2
2019,4,4,0
2017,16,23,0
2018,11,40,0
2015,8,37,0
2020,5,5,0
2015,6,44,0
2020,6,6,0
2020,4,4,0
2016,18,36,0
2019,2,2,0
2018,13,17,0
2019,72,89,0
2018,19,19,0
2019,32,35,2
2018,37,47,1
2020,3,3,2
2015,12,34,0
2020,4,4,1
2017,15,25,0
2020,0,0,0
2020,18,18,0
2020,48,242,0
2019,55,55,2
2018,25,33,0
2020,2,2,0
2016,4,5,0
2019,3,3,0
2020,20,21,0
2016,27,46,0
2019,87,127,0
2020,49,49,0
2020,7,7,0
2020,5,5,1
2018,210,299,2
2019,34,39,0
2019,0,0,1
2019,6,6,0
2018,1,1,0
2018,235,272,2
2020,2,2,0
2020,1,1,0
2019,120,153,1
2018,8,8,0
2020,11,11,2
2020,2,2,0
2017,7,10,2
2020,7,7,0
2016,11,25,0
2015,14,18,0
2014,0,0,0
2014,3,3,0
2017,7,10,0
2015,18,44,1
2018,20,20,0
2015,6,9,0
2020,57,57,2
2018,8,11,0
2020,4,4,0
2020,9,9,0
2019,10,13,0
2020,22,22,0
2019,17,23,0
2019,34,45,0
2018,166,765,1
2020,29,29,0
2018,31,51,0
2017,27,36,0
2014,29,59,0
2017,5,5,0
2018,216,324,0
2018,11,12,0
2017,11,16,0
2014,8,25,0
2020,18,18,2
2020,7,7,0
2019,240,385,0
2020,33,33,0
2018,42,48,2
2019,46,176,0
2019,36,138,0
2018,21,27,0
2019,14,14,0
2018,234,578,2
2020,0,0,2
2020,12,12,2
2018,57,117,0
2019,50,90,0
2019,10,10,0
2016,3,5,2
2015,6,8,0
2020,2,2,0
2015,3,3,2
2017,3,8,2
2019,49,65,0
2019,102,175,1
2014,16,21,0
2014,10,26,0
2018,4,4,0
2018,291,524,0
2019,4,4,2
2019,26,31,2
2019,4,4,0
2019,22,47,0
2020,23,23,1
2015,25,42,0
2020,8,8,0
2019,13,13,2
2020,1,1,0
2018,80,134,2
2019,18,18,0
2018,5,6,0
2019,4,4,0
2020,1,1,0
2020,2,2,1
2020,9,9,2
2016,10,134,0
2018,62,147,0
2020,32,33,0
2016,34,168,2
2020,9,14,2
2016,15,44,0
2018,31,42,0
2019,6,6,0
2019,14,14,0
2019,11,11,0
2020,7,7,0
2018,40,73,2
2020,8,8,0
2020,7,7,2
2016,212,835,0
2018,5,7,2
2015,19,68,2
2020,17,17,0
2018,8,10,0
2017,30,68,0
2019,19,29,2
2020,6,6,2
2020,56,56,0
2014,11,43,0
2020,5,5,0
2019,3,3,0
2020,6,6,1
2019,24,48,0
2018,53,78,0
2020,11,18,0
2020,7,7,1
2018,27,67,0
2020,9,9,0
2019,7,13,0
2018,21,21,0
2020,20,20,0
2020,104,152,1
2020,16,16,0
2017,29,77,2
2017,35,42,0
2020,11,11,0
2020,49,49,2
2018,20,27,0
2018,5,5,2
2014,5,11,0
2020,0,0,0
2019,1,1,0
2019,7,11,2
2020,2,2,0
2020,30,30,0
2015,24,55,0
2015,11,30,0
2018,3,3,2
2020,15,15,0
2018,36,170,0
2020,14,14,0
2020,12,12,0
2019,4,5,2
2020,36,36,0
2020,13,13,0
2019,87,131,2
2019,35,35,1
2017,50,82,0
2019,24,24,0
2019,36,37,0
2019,1,1,0
2019,41,48,0
2016,5,10,0
2015,12,19,0
2014,4,4,0
2017,16,20,2
2020,53,53,2
2020,1,1,0
2016,1,1,0
2020,9,9,2
2016,48,1390,2
2019,4,4,0
2020,7,7,0
2019,6,6,0
2019,15,15,1
2019,1,1,0
2019,10,14,0
2019,46,51,1
2020,27,27,0
2020,4,4,0
2020,36,36,0
2019,5,5,0
2019,3,3,0
2019,25,25,0
2019,7,7,2
2020,13,13,0
2020,12,12,0
2018,6,6,0
2020,8,8,0
2017,16,26,1
2020,11,11,0
2019,14,21,0
2014,4,5,0
2019,16,19,0
2020,34,33,2
2020,51,51,1
2018,4,6,0
2016,25,32,2
2017,11,11,0
2016,26,81,0
2019,41,41,1
2019,7,9,0
2019,16,23,0
2019,8,8,1
2020,21,35,0
2018,6,6,2
2019,15,15,2
2020,4,4,0
2020,4,4,0
2019,8,8,2
2020,1,1,0
2020,5,5,0
2020,2,2,2
2017,51,176,1
2017,18,20,2
2018,14,21,0
2018,2,2,0
2019,9,9,0
2018,3,3,0
2019,133,133,2
2019,10,10,2
2020,7,7,0
2018,63,111,2
2019,15,15,0
2020,25,25,0
2019,4,4,2
2019,6,6,0
2020,22,22,0
2019,101,127,0
2020,3,3,0
2020,23,23,0
2020,64,64,0
2019,29,55,1
2020,218,217,0
2020,74,73,0
2020,32,32,0
2014,5,15,0
2018,11,27,0
2019,36,54,0
2020,28,46,2
2016,66,449,0
2019,66,83,0
2019,126,160,2
2020,10,11,0
2020,7,7,2
2020,2,2,0
2018,8,11,1
2019,0,0,0
2019,16,16,0
2019,1,1,0
2019,88,140,0
2020,15,15,2
2019,21,21,1
2019,109,168,1
2019,1,1,0
2019,38,65,0
2019,12,12,0
2017,90,120,2
2018,91,202,0
2020,130,131,1
2017,27,57,1
2020,93,93,1
2018,4,5,0
2017,30,69,0
2016,11,22,0
2020,2,2,0
2020,37,37,0
2018,20,29,2
2020,89,89,1
2020,111,224,0
2019,36,37,0
2018,23,28,0
2020,2,2,2
2020,0,0,0
2020,7,7,0
2020,5,5,2
2020,6,6,1
2018,19,35,2
2020,8,8,2
2019,4,4,2
2019,1,1,0
2016,12,21,0
2018,10,22,0
2016,16,71,2
2019,15,15,1
2018,132,264,0
2019,20,23,1
2020,1,1,0
2020,38,38,0
2020,6,6,0
2020,76,76,0
2020,23,23,0
2020,2,2,0
2018,9,16,2
2019,25,30,2
2014,45,171,1
2018,92,125,0
2019,2,2,0
2019,9,9,0
2019,8,8,2
2020,3,3,0
2020,57,57,0
2019,2,22,2
2020,1,1,2
2019,31,31,0
2019,14,14,2
2020,1,1,2
2020,3,3,0
2020,10,10,2
2020,12,12,2
2018,11,17,0
2019,6,6,0
2019,41,41,0
2018,6,8,0
2014,11,25,0
2020,3,3,2
2020,3,3,0
2020,4,4,0
2019,2,2,2
2019,53,53,0
2018,9,9,0
2020,0,0,1
2018,3,3,2
2020,4,4,0
2020,25,34,0
2018,10,11,1
2020,10,10,0
2020,0,0,0
2017,5,7,0
2020,3,3,0
2020,40,40,1
2017,19,23,2
2020,0,0,0
2017,49,77,0
2020,34,51,0
2018,31,37,0
2015,17,33,2
2016,76,227,0
2018,24,46,0
2020,4,4,0
2019,1,1,0
2018,35,46,2
2019,1,1,0
2020,2,2,2
2018,18,66,0
2020,4,4,0
